generation,slot,rank,origin,chromosome,hp_json,fitness,from_cache,eval_count_kumulatif,elite_from_rank,parent1_chromosome,parent2_chromosome,crossover_done,crossover_mask,mutated_genes,waktu_detik
0,0,5,init,"[0, 3, 2, 1, 2, 2]","{""sequence_length"": 30, ""lstm_units_1"": 128, ""lstm_units_2"": 48, ""dropout_rate"": 0.2, ""learning_rate"": 0.001, ""batch_size"": 64}",0.5844567229807915,False,1,,,,,,,29.2
0,1,6,init,"[0, 2, 0, 0, 2, 2]","{""sequence_length"": 30, ""lstm_units_1"": 96, ""lstm_units_2"": 16, ""dropout_rate"": 0.1, ""learning_rate"": 0.001, ""batch_size"": 64}",0.5797486114325388,False,2,,,,,,,13.66
0,2,4,init,"[3, 3, 2, 3, 2, 0]","{""sequence_length"": 90, ""lstm_units_1"": 128, ""lstm_units_2"": 48, ""dropout_rate"": 0.4, ""learning_rate"": 0.001, ""batch_size"": 16}",0.5957729572151247,False,3,,,,,,,80.46
0,3,0,init,"[4, 1, 2, 1, 0, 2]","{""sequence_length"": 120, ""lstm_units_1"": 64, ""lstm_units_2"": 48, ""dropout_rate"": 0.2, ""learning_rate"": 0.01, ""batch_size"": 64}",0.6315896940896941,False,4,,,,,,,57.35
0,4,2,init,"[3, 2, 1, 3, 2, 1]","{""sequence_length"": 90, ""lstm_units_1"": 96, ""lstm_units_2"": 32, ""dropout_rate"": 0.4, ""learning_rate"": 0.001, ""batch_size"": 32}",0.6192917774157591,False,5,,,,,,,76.57
0,5,9,init,"[2, 0, 0, 2, 4, 0]","{""sequence_length"": 60, ""lstm_units_1"": 32, ""lstm_units_2"": 16, ""dropout_rate"": 0.3, ""learning_rate"": 0.0001, ""batch_size"": 16}",0.5518441837282417,False,6,,,,,,,71.93
0,6,7,init,"[4, 3, 1, 2, 0, 2]","{""sequence_length"": 120, ""lstm_units_1"": 128, ""lstm_units_2"": 32, ""dropout_rate"": 0.3, ""learning_rate"": 0.01, ""batch_size"": 64}",0.5722824472824473,False,7,,,,,,,69.54
0,7,1,init,"[3, 1, 0, 3, 2, 2]","{""sequence_length"": 90, ""lstm_units_1"": 64, ""lstm_units_2"": 16, ""dropout_rate"": 0.4, ""learning_rate"": 0.001, ""batch_size"": 64}",0.6277029923690302,False,8,,,,,,,45.29
0,8,3,init,"[3, 3, 3, 0, 1, 1]","{""sequence_length"": 90, ""lstm_units_1"": 128, ""lstm_units_2"": 64, ""dropout_rate"": 0.1, ""learning_rate"": 0.005, ""batch_size"": 32}",0.6174912115236217,False,9,,,,,,,93.79
0,9,8,init,"[2, 0, 2, 0, 3, 2]","{""sequence_length"": 60, ""lstm_units_1"": 32, ""lstm_units_2"": 48, ""dropout_rate"": 0.1, ""learning_rate"": 0.0005, ""batch_size"": 64}",0.5534008128211028,False,10,,,,,,,18.88
1,0,2,elite,"[4, 1, 2, 1, 0, 2]","{""sequence_length"": 120, ""lstm_units_1"": 64, ""lstm_units_2"": 48, ""dropout_rate"": 0.2, ""learning_rate"": 0.01, ""batch_size"": 64}",0.6315896940896941,True,10,0,,,,,,0.0
1,1,3,elite,"[3, 1, 0, 3, 2, 2]","{""sequence_length"": 90, ""lstm_units_1"": 64, ""lstm_units_2"": 16, ""dropout_rate"": 0.4, ""learning_rate"": 0.001, ""batch_size"": 64}",0.6277029923690302,True,10,1,,,,,,0.0
1,2,4,offspring,"[3, 3, 3, 0, 1, 1]","{""sequence_length"": 90, ""lstm_units_1"": 128, ""lstm_units_2"": 64, ""dropout_rate"": 0.1, ""learning_rate"": 0.005, ""batch_size"": 32}",0.6174912115236217,True,10,,"[3, 3, 3, 0, 1, 1]","[3, 3, 3, 0, 1, 1]",True,111112,,0.0
1,3,8,offspring,"[3, 3, 0, 3, 2, 1]","{""sequence_length"": 90, ""lstm_units_1"": 128, ""lstm_units_2"": 16, ""dropout_rate"": 0.4, ""learning_rate"": 0.001, ""batch_size"": 32}",0.5924976421160936,False,11,,"[3, 3, 3, 0, 1, 1]","[3, 2, 1, 3, 2, 1]",True,112222,lstm_units_2: 1->0,83.22
1,4,0,offspring,"[4, 2, 2, 1, 0, 2]","{""sequence_length"": 120, ""lstm_units_1"": 96, ""lstm_units_2"": 48, ""dropout_rate"": 0.2, ""learning_rate"": 0.01, ""batch_size"": 64}",0.6700512325512324,False,12,,"[4, 1, 2, 1, 0, 2]","[0, 3, 2, 1, 2, 2]",True,111112,lstm_units_1: 1->2,61.1
1,5,9,offspring,"[0, 0, 2, 1, 2, 2]","{""sequence_length"": 30, ""lstm_units_1"": 32, ""lstm_units_2"": 48, ""dropout_rate"": 0.2, ""learning_rate"": 0.001, ""batch_size"": 64}",0.5592889377458921,False,13,,"[0, 3, 2, 1, 2, 2]","[3, 3, 2, 3, 2, 0]",False,,lstm_units_1: 3->0,15.85
1,6,6,offspring,"[4, 3, 2, 1, 0, 0]","{""sequence_length"": 120, ""lstm_units_1"": 128, ""lstm_units_2"": 48, ""dropout_rate"": 0.2, ""learning_rate"": 0.01, ""batch_size"": 16}",0.6103170478170479,False,14,,"[4, 1, 2, 1, 0, 2]","[3, 3, 2, 3, 2, 0]",True,121112,,218.04
1,7,7,offspring,"[3, 3, 2, 3, 2, 0]","{""sequence_length"": 90, ""lstm_units_1"": 128, ""lstm_units_2"": 48, ""dropout_rate"": 0.4, ""learning_rate"": 0.001, ""batch_size"": 16}",0.5957729572151247,True,14,,"[3, 3, 2, 3, 2, 0]","[4, 1, 2, 1, 0, 2]",False,,,0.0
1,8,5,offspring,"[3, 1, 0, 1, 0, 2]","{""sequence_length"": 90, ""lstm_units_1"": 64, ""lstm_units_2"": 16, ""dropout_rate"": 0.2, ""learning_rate"": 0.01, ""batch_size"": 64}",0.6144388236302838,False,15,,"[4, 1, 2, 1, 0, 2]","[3, 3, 2, 3, 2, 0]",True,221111,lstm_units_1: 3->1; lstm_units_2: 2->0,49.73
1,9,1,offspring,"[3, 3, 0, 0, 1, 1]","{""sequence_length"": 90, ""lstm_units_1"": 128, ""lstm_units_2"": 16, ""dropout_rate"": 0.1, ""learning_rate"": 0.005, ""batch_size"": 32}",0.6387121666809569,False,16,,"[3, 3, 3, 0, 1, 1]","[3, 2, 1, 3, 2, 1]",False,,lstm_units_2: 3->0,103.9
2,0,1,elite,"[4, 2, 2, 1, 0, 2]","{""sequence_length"": 120, ""lstm_units_1"": 96, ""lstm_units_2"": 48, ""dropout_rate"": 0.2, ""learning_rate"": 0.01, ""batch_size"": 64}",0.6700512325512324,True,16,0,,,,,,0.0
2,1,4,elite,"[3, 3, 0, 0, 1, 1]","{""sequence_length"": 90, ""lstm_units_1"": 128, ""lstm_units_2"": 16, ""dropout_rate"": 0.1, ""learning_rate"": 0.005, ""batch_size"": 32}",0.6387121666809569,True,16,1,,,,,,0.0
2,2,3,offspring,"[4, 1, 0, 1, 0, 1]","{""sequence_length"": 120, ""lstm_units_1"": 64, ""lstm_units_2"": 16, ""dropout_rate"": 0.2, ""learning_rate"": 0.01, ""batch_size"": 32}",0.6390147015147015,False,17,,"[3, 3, 0, 0, 1, 1]","[4, 1, 2, 1, 0, 2]",True,211221,lstm_units_1: 3->1,93.84
2,3,2,offspring,"[4, 3, 2, 1, 1, 1]","{""sequence_length"": 120, ""lstm_units_1"": 128, ""lstm_units_2"": 48, ""dropout_rate"": 0.2, ""learning_rate"": 0.005, ""batch_size"": 32}",0.6391817641817641,False,18,,"[3, 3, 0, 0, 1, 1]","[4, 3, 2, 1, 0, 0]",True,212212,batch_size: 0->1,139.99
2,4,6,offspring,"[3, 2, 0, 1, 1, 2]","{""sequence_length"": 90, ""lstm_units_1"": 96, ""lstm_units_2"": 16, ""dropout_rate"": 0.2, ""learning_rate"": 0.005, ""batch_size"": 64}",0.6243419360370401,False,19,,"[4, 1, 2, 1, 0, 2]","[3, 3, 0, 0, 1, 1]",True,222122,lstm_units_1: 3->2; batch_size: 1->2,60.68
2,5,9,offspring,"[4, 2, 0, 0, 2, 1]","{""sequence_length"": 120, ""lstm_units_1"": 96, ""lstm_units_2"": 16, ""dropout_rate"": 0.1, ""learning_rate"": 0.001, ""batch_size"": 32}",0.6002004752004753,False,20,,"[4, 2, 2, 1, 0, 2]","[3, 3, 0, 0, 1, 1]",True,211222,sequence_length: 3->4; lstm_units_2: 2->0; learning_rate: 1->2,68.44
2,6,0,offspring,"[3, 1, 0, 0, 0, 1]","{""sequence_length"": 90, ""lstm_units_1"": 64, ""lstm_units_2"": 16, ""dropout_rate"": 0.1, ""learning_rate"": 0.01, ""batch_size"": 32}",0.6770470719368944,False,21,,"[3, 1, 0, 1, 0, 2]","[3, 3, 0, 0, 1, 1]",True,211211,batch_size: 2->1,70.42
2,7,5,offspring,"[3, 1, 0, 0, 1, 1]","{""sequence_length"": 90, ""lstm_units_1"": 64, ""lstm_units_2"": 16, ""dropout_rate"": 0.1, ""learning_rate"": 0.005, ""batch_size"": 32}",0.6367143959530138,False,22,,"[3, 3, 0, 0, 1, 1]","[3, 3, 0, 0, 1, 1]",True,122221,lstm_units_1: 3->1,71.37
2,8,8,offspring,"[3, 3, 2, 1, 2, 2]","{""sequence_length"": 90, ""lstm_units_1"": 128, ""lstm_units_2"": 48, ""dropout_rate"": 0.2, ""learning_rate"": 0.001, ""batch_size"": 64}",0.6102032067221127,False,23,,"[3, 3, 0, 0, 1, 1]","[3, 3, 2, 3, 2, 0]",True,112211,dropout_rate: 3->1; learning_rate: 1->2; batch_size: 1->2,66.64
2,9,7,offspring,"[3, 3, 0, 2, 0, 1]","{""sequence_length"": 90, ""lstm_units_1"": 128, ""lstm_units_2"": 16, ""dropout_rate"": 0.3, ""learning_rate"": 0.01, ""batch_size"": 32}",0.616822429906542,False,24,,"[3, 3, 0, 0, 1, 1]","[3, 3, 0, 0, 1, 1]",False,,dropout_rate: 0->2; learning_rate: 1->0,92.52
3,0,0,elite,"[3, 1, 0, 0, 0, 1]","{""sequence_length"": 90, ""lstm_units_1"": 64, ""lstm_units_2"": 16, ""dropout_rate"": 0.1, ""learning_rate"": 0.01, ""batch_size"": 32}",0.6770470719368944,True,24,0,,,,,,0.0
3,1,1,elite,"[4, 2, 2, 1, 0, 2]","{""sequence_length"": 120, ""lstm_units_1"": 96, ""lstm_units_2"": 48, ""dropout_rate"": 0.2, ""learning_rate"": 0.01, ""batch_size"": 64}",0.6700512325512324,True,24,1,,,,,,0.0
3,2,5,offspring,"[3, 1, 0, 0, 1, 1]","{""sequence_length"": 90, ""lstm_units_1"": 64, ""lstm_units_2"": 16, ""dropout_rate"": 0.1, ""learning_rate"": 0.005, ""batch_size"": 32}",0.6367143959530138,True,24,,"[3, 1, 0, 0, 0, 1]","[3, 1, 0, 0, 1, 1]",True,122211,learning_rate: 0->1,0.0
3,3,7,offspring,"[0, 2, 2, 1, 0, 2]","{""sequence_length"": 30, ""lstm_units_1"": 96, ""lstm_units_2"": 48, ""dropout_rate"": 0.2, ""learning_rate"": 0.01, ""batch_size"": 64}",0.6361374681786625,False,25,,"[4, 2, 2, 1, 0, 2]","[3, 1, 0, 0, 0, 1]",False,,sequence_length: 4->0,25.86
3,4,9,offspring,"[1, 2, 0, 1, 0, 2]","{""sequence_length"": 45, ""lstm_units_1"": 96, ""lstm_units_2"": 16, ""dropout_rate"": 0.2, ""learning_rate"": 0.01, ""batch_size"": 64}",0.5707903780068728,False,26,,"[3, 2, 0, 1, 1, 2]","[4, 2, 2, 1, 0, 2]",True,221121,sequence_length: 4->1,30.19
3,5,4,offspring,"[4, 1, 0, 1, 0, 1]","{""sequence_length"": 120, ""lstm_units_1"": 64, ""lstm_units_2"": 16, ""dropout_rate"": 0.2, ""learning_rate"": 0.01, ""batch_size"": 32}",0.6390147015147015,True,26,,"[4, 1, 0, 1, 0, 1]","[4, 2, 2, 1, 0, 2]",False,,,0.0
3,6,3,offspring,"[2, 3, 2, 3, 1, 1]","{""sequence_length"": 60, ""lstm_units_1"": 128, ""lstm_units_2"": 48, ""dropout_rate"": 0.4, ""learning_rate"": 0.005, ""batch_size"": 32}",0.6480024537995553,False,27,,"[4, 3, 2, 1, 1, 1]","[3, 1, 0, 0, 1, 1]",True,212212,sequence_length: 3->2; lstm_units_2: 0->2; dropout_rate: 0->3,73.09
3,7,2,offspring,"[3, 3, 2, 0, 1, 1]","{""sequence_length"": 90, ""lstm_units_1"": 128, ""lstm_units_2"": 48, ""dropout_rate"": 0.1, ""learning_rate"": 0.005, ""batch_size"": 32}",0.6599245477149962,False,28,,"[3, 3, 0, 0, 1, 1]","[3, 3, 0, 2, 0, 1]",False,,lstm_units_2: 0->2,115.95
3,8,6,offspring,"[3, 1, 0, 0, 1, 1]","{""sequence_length"": 90, ""lstm_units_1"": 64, ""lstm_units_2"": 16, ""dropout_rate"": 0.1, ""learning_rate"": 0.005, ""batch_size"": 32}",0.6367143959530138,True,28,,"[3, 3, 0, 0, 1, 1]","[3, 1, 0, 0, 1, 1]",True,122111,,0.0
3,9,8,offspring,"[3, 3, 2, 2, 0, 1]","{""sequence_length"": 90, ""lstm_units_1"": 128, ""lstm_units_2"": 48, ""dropout_rate"": 0.3, ""learning_rate"": 0.01, ""batch_size"": 32}",0.627402898053674,False,29,,"[3, 3, 0, 2, 0, 1]","[4, 3, 2, 1, 1, 1]",True,112112,,116.71
4,0,0,elite,"[3, 1, 0, 0, 0, 1]","{""sequence_length"": 90, ""lstm_units_1"": 64, ""lstm_units_2"": 16, ""dropout_rate"": 0.1, ""learning_rate"": 0.01, ""batch_size"": 32}",0.6770470719368944,True,29,0,,,,,,0.0
4,1,1,elite,"[4, 2, 2, 1, 0, 2]","{""sequence_length"": 120, ""lstm_units_1"": 96, ""lstm_units_2"": 48, ""dropout_rate"": 0.2, ""learning_rate"": 0.01, ""batch_size"": 64}",0.6700512325512324,True,29,1,,,,,,0.0
4,2,7,offspring,"[3, 0, 0, 0, 1, 1]","{""sequence_length"": 90, ""lstm_units_1"": 32, ""lstm_units_2"": 16, ""dropout_rate"": 0.1, ""learning_rate"": 0.005, ""batch_size"": 32}",0.614747492068936,False,30,,"[3, 1, 0, 0, 0, 1]","[4, 1, 0, 1, 0, 1]",False,,lstm_units_1: 1->0; learning_rate: 0->1,65.3
4,3,9,offspring,"[2, 1, 2, 3, 1, 2]","{""sequence_length"": 60, ""lstm_units_1"": 64, ""lstm_units_2"": 48, ""dropout_rate"": 0.4, ""learning_rate"": 0.005, ""batch_size"": 64}",0.5850624952074227,False,31,,"[3, 3, 2, 0, 1, 1]","[2, 3, 2, 3, 1, 1]",True,221221,lstm_units_1: 3->1; batch_size: 1->2,41.66
4,4,2,offspring,"[3, 3, 2, 0, 1, 1]","{""sequence_length"": 90, ""lstm_units_1"": 128, ""lstm_units_2"": 48, ""dropout_rate"": 0.1, ""learning_rate"": 0.005, ""batch_size"": 32}",0.6599245477149962,True,31,,"[3, 1, 0, 0, 0, 1]","[3, 3, 2, 0, 1, 1]",True,122111,learning_rate: 0->1,0.0
4,5,3,offspring,"[1, 0, 2, 1, 0, 2]","{""sequence_length"": 45, ""lstm_units_1"": 32, ""lstm_units_2"": 48, ""dropout_rate"": 0.2, ""learning_rate"": 0.01, ""batch_size"": 64}",0.6500373524577917,False,32,,"[4, 2, 2, 1, 0, 2]","[3, 1, 0, 0, 1, 1]",False,,sequence_length: 4->1; lstm_units_1: 2->0,28.82
4,6,4,offspring,"[3, 1, 0, 3, 0, 2]","{""sequence_length"": 90, ""lstm_units_1"": 64, ""lstm_units_2"": 16, ""dropout_rate"": 0.4, ""learning_rate"": 0.01, ""batch_size"": 64}",0.6374346223098688,False,33,,"[4, 2, 2, 1, 0, 2]","[3, 1, 0, 0, 0, 1]",True,222121,dropout_rate: 1->3,49.55
4,7,8,offspring,"[2, 2, 2, 0, 4, 1]","{""sequence_length"": 60, ""lstm_units_1"": 96, ""lstm_units_2"": 48, ""dropout_rate"": 0.1, ""learning_rate"": 0.0001, ""batch_size"": 32}",0.5942489072923854,False,34,,"[4, 2, 2, 1, 0, 2]","[3, 3, 2, 0, 1, 1]",True,212222,sequence_length: 3->2; learning_rate: 1->4,45.78
4,8,6,offspring,"[3, 1, 0, 1, 0, 1]","{""sequence_length"": 90, ""lstm_units_1"": 64, ""lstm_units_2"": 16, ""dropout_rate"": 0.2, ""learning_rate"": 0.01, ""batch_size"": 32}",0.6285689788219154,False,35,,"[3, 1, 0, 0, 0, 1]","[4, 1, 0, 1, 0, 1]",True,111211,,51.38
4,9,5,offspring,"[3, 1, 0, 0, 1, 1]","{""sequence_length"": 90, ""lstm_units_1"": 64, ""lstm_units_2"": 16, ""dropout_rate"": 0.1, ""learning_rate"": 0.005, ""batch_size"": 32}",0.6367143959530138,True,35,,"[3, 1, 0, 0, 1, 1]","[3, 1, 0, 0, 1, 1]",True,212122,,0.0
5,0,0,elite,"[3, 1, 0, 0, 0, 1]","{""sequence_length"": 90, ""lstm_units_1"": 64, ""lstm_units_2"": 16, ""dropout_rate"": 0.1, ""learning_rate"": 0.01, ""batch_size"": 32}",0.6770470719368944,True,35,0,,,,,,0.0
5,1,1,elite,"[4, 2, 2, 1, 0, 2]","{""sequence_length"": 120, ""lstm_units_1"": 96, ""lstm_units_2"": 48, ""dropout_rate"": 0.2, ""learning_rate"": 0.01, ""batch_size"": 64}",0.6700512325512324,True,35,1,,,,,,0.0
5,2,3,offspring,"[3, 1, 2, 1, 0, 2]","{""sequence_length"": 90, ""lstm_units_1"": 64, ""lstm_units_2"": 48, ""dropout_rate"": 0.2, ""learning_rate"": 0.01, ""batch_size"": 64}",0.6465917859898825,False,36,,"[1, 0, 2, 1, 0, 2]","[3, 1, 0, 0, 0, 1]",True,211111,lstm_units_1: 0->1,52.18
5,3,2,offspring,"[3, 3, 2, 0, 1, 1]","{""sequence_length"": 90, ""lstm_units_1"": 128, ""lstm_units_2"": 48, ""dropout_rate"": 0.1, ""learning_rate"": 0.005, ""batch_size"": 32}",0.6599245477149962,True,36,,"[3, 3, 2, 0, 1, 1]","[4, 2, 2, 1, 0, 2]",False,,,0.0
5,4,5,offspring,"[1, 2, 0, 2, 0, 1]","{""sequence_length"": 45, ""lstm_units_1"": 96, ""lstm_units_2"": 16, ""dropout_rate"": 0.3, ""learning_rate"": 0.01, ""batch_size"": 32}",0.6321679366502315,False,37,,"[1, 0, 2, 1, 0, 2]","[3, 1, 0, 0, 0, 1]",True,112222,lstm_units_1: 0->2; dropout_rate: 0->2,59.1
5,5,4,offspring,"[2, 1, 0, 3, 0, 0]","{""sequence_length"": 60, ""lstm_units_1"": 64, ""lstm_units_2"": 16, ""dropout_rate"": 0.4, ""learning_rate"": 0.01, ""batch_size"": 16}",0.6330342765125374,False,38,,"[3, 1, 0, 3, 0, 2]","[4, 2, 2, 1, 0, 2]",False,,sequence_length: 3->2; batch_size: 2->0,100.64
5,6,8,offspring,"[3, 1, 2, 0, 0, 1]","{""sequence_length"": 90, ""lstm_units_1"": 64, ""lstm_units_2"": 48, ""dropout_rate"": 0.1, ""learning_rate"": 0.01, ""batch_size"": 32}",0.5983537683271885,False,39,,"[3, 3, 2, 0, 1, 1]","[3, 1, 0, 1, 0, 1]",True,221121,,85.26
5,7,7,offspring,"[1, 2, 1, 1, 0, 2]","{""sequence_length"": 45, ""lstm_units_1"": 96, ""lstm_units_2"": 32, ""dropout_rate"": 0.2, ""learning_rate"": 0.01, ""batch_size"": 64}",0.6016883310921859,False,40,,"[4, 2, 2, 1, 0, 2]","[1, 0, 2, 1, 0, 2]",True,211221,lstm_units_2: 2->1,32.95
5,8,6,offspring,"[4, 2, 0, 3, 0, 2]","{""sequence_length"": 120, ""lstm_units_1"": 96, ""lstm_units_2"": 16, ""dropout_rate"": 0.4, ""learning_rate"": 0.01, ""batch_size"": 64}",0.611894861894862,False,41,,"[3, 1, 0, 0, 0, 1]","[4, 2, 2, 1, 0, 2]",True,221222,dropout_rate: 1->3,83.79
5,9,9,offspring,"[3, 1, 0, 0, 2, 1]","{""sequence_length"": 90, ""lstm_units_1"": 64, ""lstm_units_2"": 16, ""dropout_rate"": 0.1, ""learning_rate"": 0.001, ""batch_size"": 32}",0.5889393809482979,False,42,,"[3, 1, 0, 0, 1, 1]","[3, 1, 0, 3, 0, 2]",False,,learning_rate: 1->2,47.29
6,0,0,elite,"[3, 1, 0, 0, 0, 1]","{""sequence_length"": 90, ""lstm_units_1"": 64, ""lstm_units_2"": 16, ""dropout_rate"": 0.1, ""learning_rate"": 0.01, ""batch_size"": 32}",0.6770470719368944,True,42,0,,,,,,0.0
6,1,2,elite,"[4, 2, 2, 1, 0, 2]","{""sequence_length"": 120, ""lstm_units_1"": 96, ""lstm_units_2"": 48, ""dropout_rate"": 0.2, ""learning_rate"": 0.01, ""batch_size"": 64}",0.6700512325512324,True,42,1,,,,,,0.0
6,2,9,offspring,"[3, 1, 2, 0, 0, 1]","{""sequence_length"": 90, ""lstm_units_1"": 64, ""lstm_units_2"": 48, ""dropout_rate"": 0.1, ""learning_rate"": 0.01, ""batch_size"": 32}",0.5983537683271885,True,42,,"[3, 1, 0, 0, 0, 1]","[3, 1, 2, 0, 0, 1]",False,,lstm_units_2: 0->2,0.0
6,3,6,offspring,"[3, 3, 0, 0, 1, 1]","{""sequence_length"": 90, ""lstm_units_1"": 128, ""lstm_units_2"": 16, ""dropout_rate"": 0.1, ""learning_rate"": 0.005, ""batch_size"": 32}",0.6387121666809569,True,42,,"[3, 3, 2, 0, 1, 1]","[3, 1, 0, 0, 0, 1]",True,122222,lstm_units_1: 1->3; learning_rate: 0->1,0.0
6,4,5,offspring,"[3, 3, 2, 0, 1, 1]","{""sequence_length"": 90, ""lstm_units_1"": 128, ""lstm_units_2"": 48, ""dropout_rate"": 0.1, ""learning_rate"": 0.005, ""batch_size"": 32}",0.6599245477149962,True,42,,"[3, 3, 2, 0, 1, 1]","[3, 1, 0, 0, 0, 1]",False,,,0.0
6,5,8,offspring,"[2, 3, 0, 3, 0, 0]","{""sequence_length"": 60, ""lstm_units_1"": 128, ""lstm_units_2"": 16, ""dropout_rate"": 0.4, ""learning_rate"": 0.01, ""batch_size"": 16}",0.6338317613679932,False,43,,"[2, 1, 0, 3, 0, 0]","[4, 2, 2, 1, 0, 2]",False,,lstm_units_1: 1->3,118.19
6,6,4,offspring,"[3, 1, 2, 1, 0, 1]","{""sequence_length"": 90, ""lstm_units_1"": 64, ""lstm_units_2"": 48, ""dropout_rate"": 0.2, ""learning_rate"": 0.01, ""batch_size"": 32}",0.6623681728543256,False,44,,"[3, 1, 2, 1, 0, 2]","[4, 2, 2, 1, 0, 2]",False,,batch_size: 2->1,85.16
6,7,1,offspring,"[3, 1, 0, 0, 0, 1]","{""sequence_length"": 90, ""lstm_units_1"": 64, ""lstm_units_2"": 16, ""dropout_rate"": 0.1, ""learning_rate"": 0.01, ""batch_size"": 32}",0.6770470719368944,True,44,,"[3, 1, 0, 0, 0, 1]","[3, 1, 0, 0, 0, 1]",True,121122,,0.0
6,8,3,offspring,"[3, 1, 2, 1, 1, 2]","{""sequence_length"": 90, ""lstm_units_1"": 64, ""lstm_units_2"": 48, ""dropout_rate"": 0.2, ""learning_rate"": 0.005, ""batch_size"": 64}",0.6686444311069193,False,45,,"[3, 1, 2, 1, 0, 2]","[3, 3, 2, 0, 1, 1]",True,111121,,56.63
6,9,7,offspring,"[3, 3, 3, 0, 1, 2]","{""sequence_length"": 90, ""lstm_units_1"": 128, ""lstm_units_2"": 64, ""dropout_rate"": 0.1, ""learning_rate"": 0.005, ""batch_size"": 64}",0.6377604389951126,False,46,,"[3, 3, 2, 0, 1, 1]","[4, 2, 0, 3, 0, 2]",True,121222,lstm_units_1: 2->3; lstm_units_2: 2->3; dropout_rate: 3->0; learning_rate: 0->1,93.12
