timestamp,model_probability,signal,actual_label,hit,close,tp1,tp2,sl
2026-09-10T05:00:00+00:00,0.6010429859161377,HOLD,0,False,11.810999870300293,,,
2026-09-10T05:15:00+00:00,0.6008099317550659,HOLD,0,False,11.85200023651123,,,
2026-09-10T05:30:00+00:00,0.6005361080169678,HOLD,0,False,11.840999603271484,,,
2026-09-10T05:45:00+00:00,0.6003975868225098,HOLD,0,False,11.843999862670898,,,
2026-09-10T06:00:00+00:00,0.6000528335571289,HOLD,0,False,11.864999771118164,,,
2026-09-10T06:15:00+00:00,0.6004725694656372,HOLD,0,False,11.802000045776367,,,
2026-09-10T06:30:00+00:00,0.6014856100082397,HOLD,0,False,11.805999755859375,,,
2026-09-10T06:45:00+00:00,0.6027331352233887,HOLD,0,False,11.826000213623047,,,
2026-09-10T07:00:00+00:00,0.603058934211731,HOLD,0,False,11.86400032043457,,,
2026-09-10T07:15:00+00:00,0.6038864850997925,HOLD,0,False,11.814000129699707,,,
2026-09-10T07:30:00+00:00,0.6056199073791504,HOLD,0,False,11.767999649047852,,,
2026-09-10T07:45:00+00:00,0.6078180074691772,HOLD,0,False,11.760000228881836,,,
2026-09-10T08:00:00+00:00,0.6096343994140625,HOLD,0,False,11.784000396728516,,,
2026-09-10T08:15:00+00:00,0.6111099720001221,HOLD,1,False,11.76099967956543,,,
2026-09-10T08:30:00+00:00,0.6121617555618286,HOLD,0,False,11.779999732971191,,,
2026-09-10T08:45:00+00:00,0.6129799485206604,HOLD,0,False,11.755999565124512,,,
2026-09-10T09:00:00+00:00,0.6136138439178467,HOLD,0,False,11.770999908447266,,,
2026-09-10T09:15:00+00:00,0.6138992309570312,HOLD,0,False,11.793999671936035,,,
2026-09-10T09:30:00+00:00,0.6139733791351318,HOLD,0,False,11.817999839782715,,,
2026-09-10T09:45:00+00:00,0.6143916845321655,HOLD,0,False,11.777000427246094,,,
2026-09-10T10:00:00+00:00,0.6145284175872803,HOLD,0,False,11.800000190734863,,,
2026-09-10T10:15:00+00:00,0.6144047379493713,HOLD,1,False,11.8149995803833,,,
2026-09-10T10:30:00+00:00,0.6142414808273315,HOLD,1,False,11.798999786376953,,,
2026-09-10T10:45:00+00:00,0.6141591668128967,HOLD,1,False,11.791999816894531,,,
2026-09-10T11:00:00+00:00,0.614231526851654,HOLD,0,False,11.776000022888184,,,
2026-09-10T11:15:00+00:00,0.6147546172142029,HOLD,0,False,11.803999900817871,,,
2026-09-10T11:30:00+00:00,0.6138809323310852,HOLD,0,False,11.850000381469727,,,
2026-09-10T11:45:00+00:00,0.6125356554985046,HOLD,0,False,11.852999687194824,,,
2026-09-10T12:00:00+00:00,0.6112629175186157,HOLD,0,False,11.812999725341797,,,
2026-09-10T12:15:00+00:00,0.6104682683944702,HOLD,0,False,11.803999900817871,,,
2026-09-10T12:30:00+00:00,0.6101683378219604,HOLD,0,False,11.788000106811523,,,
2026-09-10T12:45:00+00:00,0.6119274497032166,HOLD,1,False,11.715999603271484,,,
2026-09-10T13:00:00+00:00,0.6148967742919922,HOLD,0,False,11.607000350952148,,,
2026-09-10T13:15:00+00:00,0.6166082620620728,HOLD,0,False,11.623000144958496,,,
2026-09-10T13:30:00+00:00,0.6175770163536072,HOLD,0,False,11.675999641418457,,,
2026-09-10T13:45:00+00:00,0.6176419854164124,HOLD,0,False,11.690999984741211,,,
2026-09-10T14:00:00+00:00,0.6173555850982666,HOLD,1,False,11.704999923706055,,,
2026-09-10T14:15:00+00:00,0.6171737909317017,HOLD,0,False,11.635000228881836,,,
2026-09-10T14:30:00+00:00,0.6171170473098755,HOLD,0,False,11.675000190734863,,,
2026-09-10T14:45:00+00:00,0.616848349571228,HOLD,0,False,11.659000396728516,,,
2026-09-10T15:00:00+00:00,0.616614580154419,HOLD,0,False,11.659000396728516,,,
2026-09-10T15:15:00+00:00,0.6163406372070312,HOLD,0,False,11.67300033569336,,,
2026-09-10T15:30:00+00:00,0.6161807775497437,HOLD,0,False,11.611000061035156,,,
2026-09-10T15:45:00+00:00,0.6161446571350098,HOLD,0,False,11.614999771118164,,,
2026-09-10T16:00:00+00:00,0.6160498261451721,HOLD,1,False,11.628999710083008,,,
2026-09-10T16:15:00+00:00,0.6160144209861755,HOLD,1,False,11.581000328063965,,,
2026-09-10T16:30:00+00:00,0.616187572479248,HOLD,1,False,11.548999786376953,,,
2026-09-10T16:45:00+00:00,0.6164215803146362,HOLD,1,False,11.564000129699707,,,
2026-09-10T17:00:00+00:00,0.6163830757141113,HOLD,0,False,11.612000465393066,,,
2026-09-10T17:15:00+00:00,0.6160155534744263,HOLD,0,False,11.621999740600586,,,
2026-09-10T17:30:00+00:00,0.6153457164764404,HOLD,0,False,11.65999984741211,,,
2026-09-10T17:45:00+00:00,0.6143761277198792,HOLD,0,False,11.694999694824219,,,
2026-09-10T18:00:00+00:00,0.61330246925354,HOLD,0,False,11.675000190734863,,,
2026-09-10T18:15:00+00:00,0.6132148504257202,HOLD,0,False,11.604999542236328,,,
2026-09-10T18:30:00+00:00,0.6129860281944275,HOLD,0,False,11.62399959564209,,,
2026-09-10T18:45:00+00:00,0.612556517124176,HOLD,0,False,11.63599967956543,,,
2026-09-10T19:00:00+00:00,0.6116125583648682,HOLD,0,False,11.67300033569336,,,
2026-09-10T19:15:00+00:00,0.6107692122459412,HOLD,0,False,11.638999938964844,,,
2026-09-10T19:30:00+00:00,0.6100540161132812,HOLD,0,False,11.628999710083008,,,
2026-09-10T19:45:00+00:00,0.6094598770141602,HOLD,0,False,11.64900016784668,,,
2026-09-10T20:00:00+00:00,0.608980655670166,HOLD,0,False,11.609999656677246,,,
2026-09-10T20:15:00+00:00,0.6085106134414673,HOLD,0,False,11.640999794006348,,,
2026-09-10T20:30:00+00:00,0.6081337928771973,HOLD,0,False,11.628000259399414,,,
2026-09-10T20:45:00+00:00,0.608120322227478,HOLD,0,False,11.609999656677246,,,
2026-09-10T21:00:00+00:00,0.6085092425346375,HOLD,0,False,11.586999893188477,,,
2026-09-10T21:15:00+00:00,0.6088911294937134,HOLD,0,False,11.58899974822998,,,
2026-09-10T21:30:00+00:00,0.6095042824745178,HOLD,0,False,11.576000213623047,,,
2026-09-10T21:45:00+00:00,0.6102253794670105,HOLD,0,False,11.57699966430664,,,
2026-09-10T22:00:00+00:00,0.6108654141426086,HOLD,0,False,11.581999778747559,,,
2026-09-10T22:15:00+00:00,0.611407995223999,HOLD,0,False,11.583000183105469,,,
2026-09-10T22:30:00+00:00,0.6116797924041748,HOLD,0,False,11.607000350952148,,,
2026-09-10T22:45:00+00:00,0.6123299598693848,HOLD,0,False,11.550000190734863,,,
2026-09-10T23:00:00+00:00,0.6133546829223633,HOLD,1,False,11.517999649047852,,,
2026-09-10T23:15:00+00:00,0.6155896782875061,HOLD,0,False,11.451000213623047,,,
2026-09-10T23:30:00+00:00,0.6173471212387085,HOLD,0,False,11.484999656677246,,,
2026-09-10T23:45:00+00:00,0.6178245544433594,HOLD,1,False,11.491999626159668,,,
2026-09-11T00:00:00+00:00,0.6180815696716309,HOLD,0,False,11.446999549865723,,,
2026-09-11T00:15:00+00:00,0.6183902025222778,HOLD,0,False,11.503999710083008,,,
2026-09-11T00:30:00+00:00,0.6182243824005127,HOLD,0,False,11.496000289916992,,,
2026-09-11T00:45:00+00:00,0.6181649565696716,HOLD,0,False,11.468000411987305,,,
2026-09-11T01:00:00+00:00,0.6178684830665588,HOLD,0,False,11.505999565124512,,,
2026-09-11T01:15:00+00:00,0.6174851655960083,HOLD,0,False,11.48799991607666,,,
2026-09-11T01:30:00+00:00,0.6172780394554138,HOLD,0,False,11.458999633789062,,,
2026-09-11T01:45:00+00:00,0.6173150539398193,HOLD,0,False,11.442999839782715,,,
2026-09-11T02:00:00+00:00,0.6173408627510071,HOLD,0,False,11.486000061035156,,,
2026-09-11T02:15:00+00:00,0.617023766040802,HOLD,0,False,11.49899959564209,,,
2026-09-11T02:30:00+00:00,0.6167774200439453,HOLD,0,False,11.465999603271484,,,
2026-09-11T02:45:00+00:00,0.6166257858276367,HOLD,0,False,11.465999603271484,,,
2026-09-11T03:00:00+00:00,0.6163496971130371,HOLD,0,False,11.47700023651123,,,
2026-09-11T03:15:00+00:00,0.6158128976821899,HOLD,1,False,11.498000144958496,,,
2026-09-11T03:30:00+00:00,0.615138053894043,HOLD,0,False,11.473999977111816,,,
2026-09-11T03:45:00+00:00,0.6140637993812561,HOLD,1,False,11.48799991607666,,,
2026-09-11T04:00:00+00:00,0.6126949787139893,HOLD,1,False,11.494999885559082,,,
2026-09-11T04:15:00+00:00,0.6111059188842773,HOLD,0,False,11.501999855041504,,,
2026-09-11T04:30:00+00:00,0.6094896793365479,HOLD,0,False,11.53499984741211,,,
2026-09-11T04:45:00+00:00,0.607824981212616,HOLD,1,False,11.515999794006348,,,
2026-09-11T05:00:00+00:00,0.6060064435005188,HOLD,1,False,11.536999702453613,,,
2026-09-11T05:15:00+00:00,0.6039692163467407,HOLD,0,False,11.543000221252441,,,
2026-09-11T05:30:00+00:00,0.6024929881095886,HOLD,0,False,11.524999618530273,,,
2026-09-11T05:45:00+00:00,0.6010392904281616,HOLD,0,False,11.548999786376953,,,
2026-09-11T06:00:00+00:00,0.5994209051132202,HOLD,0,False,11.576000213623047,,,
2026-09-11T06:15:00+00:00,0.5979408025741577,HOLD,0,False,11.581999778747559,,,
2026-09-11T06:30:00+00:00,0.5975584983825684,HOLD,0,False,11.527999877929688,,,
2026-09-11T06:45:00+00:00,0.598197340965271,HOLD,0,False,11.512999534606934,,,
2026-09-11T07:00:00+00:00,0.5991224646568298,HOLD,0,False,11.522000312805176,,,
2026-09-11T07:15:00+00:00,0.5998106002807617,HOLD,0,False,11.531999588012695,,,
2026-09-11T07:30:00+00:00,0.6002473831176758,HOLD,0,False,11.529999732971191,,,
2026-09-11T07:45:00+00:00,0.6018741726875305,HOLD,0,False,11.5,,,
2026-09-11T08:00:00+00:00,0.6038659811019897,HOLD,0,False,11.473999977111816,,,
2026-09-11T08:15:00+00:00,0.6062438488006592,HOLD,0,False,11.449000358581543,,,
2026-09-11T08:30:00+00:00,0.6081568002700806,HOLD,0,False,11.484000205993652,,,
2026-09-11T08:45:00+00:00,0.609502911567688,HOLD,0,False,11.49899959564209,,,
2026-09-11T09:00:00+00:00,0.6103236079216003,HOLD,0,False,11.498000144958496,,,
2026-09-11T09:15:00+00:00,0.6111345291137695,HOLD,0,False,11.480999946594238,,,
2026-09-11T09:30:00+00:00,0.612065315246582,HOLD,0,False,11.461999893188477,,,
2026-09-11T09:45:00+00:00,0.6133565306663513,HOLD,0,False,11.416000366210938,,,
2026-09-11T10:00:00+00:00,0.6144063472747803,HOLD,0,False,11.432000160217285,,,
2026-09-11T10:15:00+00:00,0.6149719953536987,HOLD,0,False,11.435999870300293,,,
2026-09-11T10:30:00+00:00,0.6154497861862183,HOLD,0,False,11.404000282287598,,,
2026-09-11T10:45:00+00:00,0.6158810257911682,HOLD,0,False,11.383000373840332,,,
2026-09-11T11:00:00+00:00,0.6162878274917603,HOLD,1,False,11.366999626159668,,,
2026-09-11T11:15:00+00:00,0.6170343160629272,HOLD,1,False,11.309000015258789,,,
2026-09-11T11:30:00+00:00,0.6174758672714233,HOLD,1,False,11.371000289916992,,,
2026-09-11T11:45:00+00:00,0.6174513697624207,HOLD,1,False,11.41100025177002,,,
2026-09-11T12:00:00+00:00,0.6172806024551392,HOLD,1,False,11.39799976348877,,,
2026-09-11T12:15:00+00:00,0.6172819137573242,HOLD,1,False,11.366000175476074,,,
2026-09-11T12:30:00+00:00,0.6173086166381836,HOLD,1,False,11.41100025177002,,,
2026-09-11T12:45:00+00:00,0.6172366142272949,HOLD,1,False,11.532999992370605,,,
2026-09-11T13:00:00+00:00,0.6158128976821899,HOLD,1,False,11.685999870300293,,,
2026-09-11T13:15:00+00:00,0.6148333549499512,HOLD,1,False,11.65999984741211,,,
2026-09-11T13:30:00+00:00,0.6144412755966187,HOLD,1,False,11.621000289916992,,,
2026-09-11T13:45:00+00:00,0.6144416332244873,HOLD,0,False,11.715999603271484,,,
2026-09-11T14:00:00+00:00,0.6141564846038818,HOLD,0,False,12.060999870300293,,,
2026-09-11T14:15:00+00:00,0.6147595047950745,HOLD,0,False,12.003000259399414,,,
2026-09-11T14:30:00+00:00,0.6160448789596558,HOLD,1,False,12.00100040435791,,,
2026-09-11T14:45:00+00:00,0.617692232131958,HOLD,0,False,11.914999961853027,,,
2026-09-11T15:00:00+00:00,0.6196779012680054,HOLD,0,False,11.928000450134277,,,
2026-09-11T15:15:00+00:00,0.6214597225189209,HOLD,0,False,11.84000015258789,12.005879076270578,12.116465025392369,11.7294142034661
2026-09-11T15:30:00+00:00,0.622930109500885,HOLD,0,False,11.960000038146973,12.128173321154014,12.240288843158707,11.84788451614228
2026-09-11T15:45:00+00:00,0.6239988803863525,HOLD,1,False,11.95300006866455,12.117196668163782,12.226661067829935,11.843535668998397
2026-09-11T16:00:00+00:00,0.6249018907546997,HOLD,0,False,11.708000183105469,11.894646949476146,12.019078127056595,11.583569005525018
2026-09-11T16:15:00+00:00,0.6258193254470825,HOLD,1,False,11.75,11.932957727978616,12.054929546631026,11.62802818134759
2026-09-11T16:30:00+00:00,0.6263536214828491,HOLD,0,False,11.727999687194824,11.907853335887893,12.02775576834994,11.608097254732778
2026-09-11T16:45:00+00:00,0.6265175342559814,HOLD,0,False,11.762999534606934,11.93889937086894,12.056165928376945,11.645732977098929
2026-09-11T17:00:00+00:00,0.6263943910598755,HOLD,0,False,11.793000221252441,11.962657213702032,12.075761875335093,11.67989555961938
2026-09-11T17:15:00+00:00,0.6261114478111267,HOLD,0,False,11.744999885559082,11.910038590887117,12.02006439443914,11.634974082007059
2026-09-11T17:30:00+00:00,0.6257502436637878,HOLD,0,False,11.767999649047852,11.92746422162837,12.033773936682048,11.661689933994174
2026-09-11T17:45:00+00:00,0.6253690123558044,LONG,0,False,11.715999603271484,11.872859539819203,11.977432830851017,11.611426312239672
2026-09-11T18:00:00+00:00,0.6250770092010498,LONG,0,False,11.699999809265137,11.850584087557861,11.950973606419677,11.599610290403321
2026-09-11T18:15:00+00:00,0.624961256980896,LONG,0,False,11.628999710083008,11.782435095823555,11.88472535298392,11.526709452922644
2026-09-11T18:30:00+00:00,0.6249091029167175,LONG,1,True,11.642000198364258,11.790797343901065,11.889995440925603,11.54280210133972
2026-09-11T18:45:00+00:00,0.6248401999473572,LONG,1,True,11.59000015258789,11.735133273521098,11.831888687476571,11.493244738632418
2026-09-11T19:00:00+00:00,0.6249264478683472,LONG,1,True,11.531999588012695,11.678766107314217,11.776610453515232,11.43415524181168
2026-09-11T19:15:00+00:00,0.6249624490737915,LONG,0,False,11.571000099182129,11.71542617570744,11.811710226724314,11.474716048165254
2026-09-11T19:30:00+00:00,0.6249057054519653,LONG,0,False,11.616000175476074,11.75975297716971,11.855588178298799,11.520164974346985
2026-09-11T19:45:00+00:00,0.6246292591094971,HOLD,0,False,11.626999855041504,11.764877495851051,11.856795923057415,11.53508142783514
2026-09-11T20:00:00+00:00,0.6243810653686523,HOLD,0,False,11.612000465393066,11.742386879659628,11.829311155837336,11.525076189215358
2026-09-11T20:15:00+00:00,0.6241751909255981,HOLD,0,False,11.633000373840332,11.758466369181884,11.84211036607625,11.549356376945966
2026-09-11T20:30:00+00:00,0.6242397427558899,HOLD,0,False,11.592000007629395,11.713325582906615,11.794209299758094,11.511116290777915
2026-09-11T20:45:00+00:00,0.6240215301513672,HOLD,0,False,11.605999946594238,11.727445099931753,11.808408535490095,11.525036511035896
2026-09-11T21:00:00+00:00,0.6237286329269409,HOLD,0,False,11.586000442504883,11.705628098786114,11.78537986964027,11.506248671650729
2026-09-11T21:15:00+00:00,0.6233148574829102,HOLD,0,False,11.621000289916992,11.738833186358434,11.817388450652729,11.542445025622698
2026-09-11T21:30:00+00:00,0.6227604746818542,HOLD,0,False,11.616000175476074,11.728523507380265,11.803539061983058,11.54098462087328
2026-09-11T21:45:00+00:00,0.6222044229507446,HOLD,0,False,11.585000038146973,11.69473596631268,11.767893251756485,11.511842752703167
2026-09-11T22:00:00+00:00,0.6219290494918823,LONG,0,False,11.522000312805176,11.63107647132599,11.703793910339867,11.449282873791299
2026-09-11T22:15:00+00:00,0.6217442750930786,LONG,0,False,11.548999786376953,11.65692767728823,11.728879604562417,11.477047859102768
2026-09-11T22:30:00+00:00,0.621487557888031,LONG,0,False,11.515999794006348,11.620504260051073,11.69017390408089,11.44633014997653
2026-09-11T22:45:00+00:00,0.6212086081504822,LONG,1,True,11.508000373840332,11.60996875591517,11.677947677298397,11.440021452457106
2026-09-11T23:00:00+00:00,0.6209715604782104,LONG,1,True,11.486000061035156,11.58486351126484,11.65077247808463,11.420091094215367
2026-09-11T23:15:00+00:00,0.6205705404281616,LONG,0,False,11.491999626159668,11.587337114841226,11.65089544062893,11.428441300371963
2026-09-11T23:30:00+00:00,0.6200766563415527,LONG,0,False,11.505000114440918,11.597706306519697,11.659510434572217,11.443195986388398
2026-09-11T23:45:00+00:00,0.6194661855697632,HOLD,0,False,11.513999938964844,,,
2026-09-12T00:00:00+00:00,0.6188226938247681,HOLD,0,False,11.543999671936035,,,
2026-09-12T00:15:00+00:00,0.618200421333313,HOLD,0,False,11.534000396728516,,,
2026-09-12T00:30:00+00:00,0.617692768573761,HOLD,0,False,11.529999732971191,,,
2026-09-12T00:45:00+00:00,0.6171995401382446,HOLD,0,False,11.524999618530273,,,
2026-09-12T01:00:00+00:00,0.6168233156204224,HOLD,0,False,11.505000114440918,,,
2026-09-12T01:15:00+00:00,0.6166260242462158,HOLD,0,False,11.550000190734863,,,
2026-09-12T01:30:00+00:00,0.6160651445388794,HOLD,0,False,11.527999877929688,,,
2026-09-12T01:45:00+00:00,0.6154478788375854,HOLD,0,False,11.550000190734863,,,
2026-09-12T02:00:00+00:00,0.6147537231445312,HOLD,0,False,11.529999732971191,,,
2026-09-12T02:15:00+00:00,0.6137460470199585,HOLD,0,False,11.529999732971191,,,
2026-09-12T02:30:00+00:00,0.6125839948654175,HOLD,0,False,11.53499984741211,,,
2026-09-12T02:45:00+00:00,0.6117713451385498,HOLD,0,False,11.513999938964844,,,
2026-09-12T03:00:00+00:00,0.6111614108085632,HOLD,0,False,11.517000198364258,,,
2026-09-12T03:15:00+00:00,0.6112725734710693,HOLD,0,False,11.482999801635742,,,
2026-09-12T03:30:00+00:00,0.6121014356613159,HOLD,1,False,11.494999885559082,,,
2026-09-12T03:45:00+00:00,0.6125931739807129,HOLD,0,False,11.479999542236328,,,
2026-09-12T04:00:00+00:00,0.6129522919654846,HOLD,0,False,11.484999656677246,,,
2026-09-12T04:15:00+00:00,0.6127938032150269,HOLD,0,False,11.508000373840332,,,
2026-09-12T04:30:00+00:00,0.6123471260070801,HOLD,0,False,11.513999938964844,,,
2026-09-12T04:45:00+00:00,0.6119284629821777,HOLD,0,False,11.515999794006348,,,
2026-09-12T05:00:00+00:00,0.6117314100265503,HOLD,0,False,11.501999855041504,,,
2026-09-12T05:15:00+00:00,0.6115460991859436,HOLD,0,False,11.501999855041504,,,
2026-09-12T05:30:00+00:00,0.6116463541984558,HOLD,0,False,11.48799991607666,,,
2026-09-12T05:45:00+00:00,0.6114428043365479,HOLD,0,False,11.517999649047852,,,
2026-09-12T06:00:00+00:00,0.6108813285827637,HOLD,1,False,11.513999938964844,,,
2026-09-12T06:15:00+00:00,0.6102176308631897,HOLD,0,False,11.510000228881836,,,
2026-09-12T06:30:00+00:00,0.609421968460083,HOLD,1,False,11.517000198364258,,,
2026-09-12T06:45:00+00:00,0.6079222559928894,HOLD,1,False,11.531000137329102,,,
