generation,offspring_slot,parent_ke,peserta,pemenang
1,2,1,"[{""rank"": 9, ""chromosome"": [3, 3, 3, 0, 1, 1], ""fitness"": 0.46731312081448495}, {""rank"": 7, ""chromosome"": [4, 1, 2, 1, 0, 2], ""fitness"": 0.5385120434620286}, {""rank"": 3, ""chromosome"": [3, 3, 2, 3, 2, 0], ""fitness"": 0.5490627989653585}]","{""rank"": 3, ""chromosome"": [3, 3, 2, 3, 2, 0], ""fitness"": 0.5490627989653585}"
1,2,2,"[{""rank"": 9, ""chromosome"": [3, 3, 3, 0, 1, 1], ""fitness"": 0.46731312081448495}, {""rank"": 4, ""chromosome"": [0, 2, 0, 0, 2, 2], ""fitness"": 0.5433219263006497}, {""rank"": 3, ""chromosome"": [3, 3, 2, 3, 2, 0], ""fitness"": 0.5490627989653585}]","{""rank"": 3, ""chromosome"": [3, 3, 2, 3, 2, 0], ""fitness"": 0.5490627989653585}"
1,3,1,"[{""rank"": 8, ""chromosome"": [4, 3, 1, 2, 0, 2], ""fitness"": 0.4687487930790324}, {""rank"": 3, ""chromosome"": [3, 3, 2, 3, 2, 0], ""fitness"": 0.5490627989653585}, {""rank"": 8, ""chromosome"": [4, 3, 1, 2, 0, 2], ""fitness"": 0.4687487930790324}]","{""rank"": 3, ""chromosome"": [3, 3, 2, 3, 2, 0], ""fitness"": 0.5490627989653585}"
1,3,2,"[{""rank"": 2, ""chromosome"": [0, 3, 2, 1, 2, 2], ""fitness"": 0.556831820661608}, {""rank"": 2, ""chromosome"": [0, 3, 2, 1, 2, 2], ""fitness"": 0.556831820661608}, {""rank"": 6, ""chromosome"": [3, 1, 0, 3, 2, 2], ""fitness"": 0.539560867870599}]","{""rank"": 2, ""chromosome"": [0, 3, 2, 1, 2, 2], ""fitness"": 0.556831820661608}"
1,4,1,"[{""rank"": 1, ""chromosome"": [2, 0, 2, 0, 3, 2], ""fitness"": 0.5647598984497381}, {""rank"": 0, ""chromosome"": [3, 2, 1, 3, 2, 1], ""fitness"": 0.5790803973212704}, {""rank"": 7, ""chromosome"": [4, 1, 2, 1, 0, 2], ""fitness"": 0.5385120434620286}]","{""rank"": 0, ""chromosome"": [3, 2, 1, 3, 2, 1], ""fitness"": 0.5790803973212704}"
1,4,2,"[{""rank"": 5, ""chromosome"": [2, 0, 0, 2, 4, 0], ""fitness"": 0.542602495543672}, {""rank"": 6, ""chromosome"": [3, 1, 0, 3, 2, 2], ""fitness"": 0.539560867870599}, {""rank"": 5, ""chromosome"": [2, 0, 0, 2, 4, 0], ""fitness"": 0.542602495543672}]","{""rank"": 5, ""chromosome"": [2, 0, 0, 2, 4, 0], ""fitness"": 0.542602495543672}"
1,5,1,"[{""rank"": 5, ""chromosome"": [2, 0, 0, 2, 4, 0], ""fitness"": 0.542602495543672}, {""rank"": 7, ""chromosome"": [4, 1, 2, 1, 0, 2], ""fitness"": 0.5385120434620286}, {""rank"": 9, ""chromosome"": [3, 3, 3, 0, 1, 1], ""fitness"": 0.46731312081448495}]","{""rank"": 5, ""chromosome"": [2, 0, 0, 2, 4, 0], ""fitness"": 0.542602495543672}"
1,5,2,"[{""rank"": 6, ""chromosome"": [3, 1, 0, 3, 2, 2], ""fitness"": 0.539560867870599}, {""rank"": 4, ""chromosome"": [0, 2, 0, 0, 2, 2], ""fitness"": 0.5433219263006497}, {""rank"": 4, ""chromosome"": [0, 2, 0, 0, 2, 2], ""fitness"": 0.5433219263006497}]","{""rank"": 4, ""chromosome"": [0, 2, 0, 0, 2, 2], ""fitness"": 0.5433219263006497}"
1,6,1,"[{""rank"": 0, ""chromosome"": [3, 2, 1, 3, 2, 1], ""fitness"": 0.5790803973212704}, {""rank"": 9, ""chromosome"": [3, 3, 3, 0, 1, 1], ""fitness"": 0.46731312081448495}, {""rank"": 1, ""chromosome"": [2, 0, 2, 0, 3, 2], ""fitness"": 0.5647598984497381}]","{""rank"": 0, ""chromosome"": [3, 2, 1, 3, 2, 1], ""fitness"": 0.5790803973212704}"
1,6,2,"[{""rank"": 4, ""chromosome"": [0, 2, 0, 0, 2, 2], ""fitness"": 0.5433219263006497}, {""rank"": 6, ""chromosome"": [3, 1, 0, 3, 2, 2], ""fitness"": 0.539560867870599}, {""rank"": 4, ""chromosome"": [0, 2, 0, 0, 2, 2], ""fitness"": 0.5433219263006497}]","{""rank"": 4, ""chromosome"": [0, 2, 0, 0, 2, 2], ""fitness"": 0.5433219263006497}"
1,7,1,"[{""rank"": 4, ""chromosome"": [0, 2, 0, 0, 2, 2], ""fitness"": 0.5433219263006497}, {""rank"": 7, ""chromosome"": [4, 1, 2, 1, 0, 2], ""fitness"": 0.5385120434620286}, {""rank"": 4, ""chromosome"": [0, 2, 0, 0, 2, 2], ""fitness"": 0.5433219263006497}]","{""rank"": 4, ""chromosome"": [0, 2, 0, 0, 2, 2], ""fitness"": 0.5433219263006497}"
1,7,2,"[{""rank"": 7, ""chromosome"": [4, 1, 2, 1, 0, 2], ""fitness"": 0.5385120434620286}, {""rank"": 2, ""chromosome"": [0, 3, 2, 1, 2, 2], ""fitness"": 0.556831820661608}, {""rank"": 0, ""chromosome"": [3, 2, 1, 3, 2, 1], ""fitness"": 0.5790803973212704}]","{""rank"": 0, ""chromosome"": [3, 2, 1, 3, 2, 1], ""fitness"": 0.5790803973212704}"
1,8,1,"[{""rank"": 0, ""chromosome"": [3, 2, 1, 3, 2, 1], ""fitness"": 0.5790803973212704}, {""rank"": 0, ""chromosome"": [3, 2, 1, 3, 2, 1], ""fitness"": 0.5790803973212704}, {""rank"": 7, ""chromosome"": [4, 1, 2, 1, 0, 2], ""fitness"": 0.5385120434620286}]","{""rank"": 0, ""chromosome"": [3, 2, 1, 3, 2, 1], ""fitness"": 0.5790803973212704}"
1,8,2,"[{""rank"": 4, ""chromosome"": [0, 2, 0, 0, 2, 2], ""fitness"": 0.5433219263006497}, {""rank"": 7, ""chromosome"": [4, 1, 2, 1, 0, 2], ""fitness"": 0.5385120434620286}, {""rank"": 6, ""chromosome"": [3, 1, 0, 3, 2, 2], ""fitness"": 0.539560867870599}]","{""rank"": 4, ""chromosome"": [0, 2, 0, 0, 2, 2], ""fitness"": 0.5433219263006497}"
1,9,1,"[{""rank"": 5, ""chromosome"": [2, 0, 0, 2, 4, 0], ""fitness"": 0.542602495543672}, {""rank"": 4, ""chromosome"": [0, 2, 0, 0, 2, 2], ""fitness"": 0.5433219263006497}, {""rank"": 3, ""chromosome"": [3, 3, 2, 3, 2, 0], ""fitness"": 0.5490627989653585}]","{""rank"": 3, ""chromosome"": [3, 3, 2, 3, 2, 0], ""fitness"": 0.5490627989653585}"
1,9,2,"[{""rank"": 6, ""chromosome"": [3, 1, 0, 3, 2, 2], ""fitness"": 0.539560867870599}, {""rank"": 5, ""chromosome"": [2, 0, 0, 2, 4, 0], ""fitness"": 0.542602495543672}, {""rank"": 2, ""chromosome"": [0, 3, 2, 1, 2, 2], ""fitness"": 0.556831820661608}]","{""rank"": 2, ""chromosome"": [0, 3, 2, 1, 2, 2], ""fitness"": 0.556831820661608}"
2,2,1,"[{""rank"": 1, ""chromosome"": [2, 0, 2, 0, 3, 2], ""fitness"": 0.5647598984497381}, {""rank"": 5, ""chromosome"": [0, 1, 0, 3, 2, 1], ""fitness"": 0.5464563804989337}, {""rank"": 5, ""chromosome"": [0, 1, 0, 3, 2, 1], ""fitness"": 0.5464563804989337}]","{""rank"": 1, ""chromosome"": [2, 0, 2, 0, 3, 2], ""fitness"": 0.5647598984497381}"
2,2,2,"[{""rank"": 4, ""chromosome"": [3, 3, 0, 3, 2, 0], ""fitness"": 0.547131704205889}, {""rank"": 8, ""chromosome"": [2, 1, 0, 2, 4, 0], ""fitness"": 0.5363906444120348}, {""rank"": 2, ""chromosome"": [3, 2, 1, 3, 2, 2], ""fitness"": 0.5494820886531943}]","{""rank"": 2, ""chromosome"": [3, 2, 1, 3, 2, 2], ""fitness"": 0.5494820886531943}"
2,3,1,"[{""rank"": 6, ""chromosome"": [0, 2, 0, 0, 2, 2], ""fitness"": 0.5433219263006497}, {""rank"": 3, ""chromosome"": [3, 3, 2, 3, 2, 0], ""fitness"": 0.5490627989653585}, {""rank"": 1, ""chromosome"": [2, 0, 2, 0, 3, 2], ""fitness"": 0.5647598984497381}]","{""rank"": 1, ""chromosome"": [2, 0, 2, 0, 3, 2], ""fitness"": 0.5647598984497381}"
2,3,2,"[{""rank"": 6, ""chromosome"": [0, 2, 0, 0, 2, 2], ""fitness"": 0.5433219263006497}, {""rank"": 9, ""chromosome"": [3, 1, 1, 3, 2, 0], ""fitness"": 0.5233621127475876}, {""rank"": 9, ""chromosome"": [3, 1, 1, 3, 2, 0], ""fitness"": 0.5233621127475876}]","{""rank"": 6, ""chromosome"": [0, 2, 0, 0, 2, 2], ""fitness"": 0.5433219263006497}"
2,4,1,"[{""rank"": 2, ""chromosome"": [3, 2, 1, 3, 2, 2], ""fitness"": 0.5494820886531943}, {""rank"": 4, ""chromosome"": [3, 3, 0, 3, 2, 0], ""fitness"": 0.547131704205889}, {""rank"": 9, ""chromosome"": [3, 1, 1, 3, 2, 0], ""fitness"": 0.5233621127475876}]","{""rank"": 2, ""chromosome"": [3, 2, 1, 3, 2, 2], ""fitness"": 0.5494820886531943}"
2,4,2,"[{""rank"": 9, ""chromosome"": [3, 1, 1, 3, 2, 0], ""fitness"": 0.5233621127475876}, {""rank"": 1, ""chromosome"": [2, 0, 2, 0, 3, 2], ""fitness"": 0.5647598984497381}, {""rank"": 8, ""chromosome"": [2, 1, 0, 2, 4, 0], ""fitness"": 0.5363906444120348}]","{""rank"": 1, ""chromosome"": [2, 0, 2, 0, 3, 2], ""fitness"": 0.5647598984497381}"
2,5,1,"[{""rank"": 0, ""chromosome"": [3, 2, 1, 3, 2, 1], ""fitness"": 0.5790803973212704}, {""rank"": 8, ""chromosome"": [2, 1, 0, 2, 4, 0], ""fitness"": 0.5363906444120348}, {""rank"": 8, ""chromosome"": [2, 1, 0, 2, 4, 0], ""fitness"": 0.5363906444120348}]","{""rank"": 0, ""chromosome"": [3, 2, 1, 3, 2, 1], ""fitness"": 0.5790803973212704}"
2,5,2,"[{""rank"": 1, ""chromosome"": [2, 0, 2, 0, 3, 2], ""fitness"": 0.5647598984497381}, {""rank"": 7, ""chromosome"": [3, 3, 0, 1, 2, 2], ""fitness"": 0.5399624410927517}, {""rank"": 1, ""chromosome"": [2, 0, 2, 0, 3, 2], ""fitness"": 0.5647598984497381}]","{""rank"": 1, ""chromosome"": [2, 0, 2, 0, 3, 2], ""fitness"": 0.5647598984497381}"
2,6,1,"[{""rank"": 5, ""chromosome"": [0, 1, 0, 3, 2, 1], ""fitness"": 0.5464563804989337}, {""rank"": 7, ""chromosome"": [3, 3, 0, 1, 2, 2], ""fitness"": 0.5399624410927517}, {""rank"": 5, ""chromosome"": [0, 1, 0, 3, 2, 1], ""fitness"": 0.5464563804989337}]","{""rank"": 5, ""chromosome"": [0, 1, 0, 3, 2, 1], ""fitness"": 0.5464563804989337}"
2,6,2,"[{""rank"": 4, ""chromosome"": [3, 3, 0, 3, 2, 0], ""fitness"": 0.547131704205889}, {""rank"": 1, ""chromosome"": [2, 0, 2, 0, 3, 2], ""fitness"": 0.5647598984497381}, {""rank"": 8, ""chromosome"": [2, 1, 0, 2, 4, 0], ""fitness"": 0.5363906444120348}]","{""rank"": 1, ""chromosome"": [2, 0, 2, 0, 3, 2], ""fitness"": 0.5647598984497381}"
2,7,1,"[{""rank"": 5, ""chromosome"": [0, 1, 0, 3, 2, 1], ""fitness"": 0.5464563804989337}, {""rank"": 5, ""chromosome"": [0, 1, 0, 3, 2, 1], ""fitness"": 0.5464563804989337}, {""rank"": 1, ""chromosome"": [2, 0, 2, 0, 3, 2], ""fitness"": 0.5647598984497381}]","{""rank"": 1, ""chromosome"": [2, 0, 2, 0, 3, 2], ""fitness"": 0.5647598984497381}"
2,7,2,"[{""rank"": 6, ""chromosome"": [0, 2, 0, 0, 2, 2], ""fitness"": 0.5433219263006497}, {""rank"": 8, ""chromosome"": [2, 1, 0, 2, 4, 0], ""fitness"": 0.5363906444120348}, {""rank"": 1, ""chromosome"": [2, 0, 2, 0, 3, 2], ""fitness"": 0.5647598984497381}]","{""rank"": 1, ""chromosome"": [2, 0, 2, 0, 3, 2], ""fitness"": 0.5647598984497381}"
2,8,1,"[{""rank"": 1, ""chromosome"": [2, 0, 2, 0, 3, 2], ""fitness"": 0.5647598984497381}, {""rank"": 7, ""chromosome"": [3, 3, 0, 1, 2, 2], ""fitness"": 0.5399624410927517}, {""rank"": 6, ""chromosome"": [0, 2, 0, 0, 2, 2], ""fitness"": 0.5433219263006497}]","{""rank"": 1, ""chromosome"": [2, 0, 2, 0, 3, 2], ""fitness"": 0.5647598984497381}"
2,8,2,"[{""rank"": 9, ""chromosome"": [3, 1, 1, 3, 2, 0], ""fitness"": 0.5233621127475876}, {""rank"": 8, ""chromosome"": [2, 1, 0, 2, 4, 0], ""fitness"": 0.5363906444120348}, {""rank"": 7, ""chromosome"": [3, 3, 0, 1, 2, 2], ""fitness"": 0.5399624410927517}]","{""rank"": 7, ""chromosome"": [3, 3, 0, 1, 2, 2], ""fitness"": 0.5399624410927517}"
2,9,1,"[{""rank"": 1, ""chromosome"": [2, 0, 2, 0, 3, 2], ""fitness"": 0.5647598984497381}, {""rank"": 8, ""chromosome"": [2, 1, 0, 2, 4, 0], ""fitness"": 0.5363906444120348}, {""rank"": 3, ""chromosome"": [3, 3, 2, 3, 2, 0], ""fitness"": 0.5490627989653585}]","{""rank"": 1, ""chromosome"": [2, 0, 2, 0, 3, 2], ""fitness"": 0.5647598984497381}"
2,9,2,"[{""rank"": 3, ""chromosome"": [3, 3, 2, 3, 2, 0], ""fitness"": 0.5490627989653585}, {""rank"": 9, ""chromosome"": [3, 1, 1, 3, 2, 0], ""fitness"": 0.5233621127475876}, {""rank"": 1, ""chromosome"": [2, 0, 2, 0, 3, 2], ""fitness"": 0.5647598984497381}]","{""rank"": 1, ""chromosome"": [2, 0, 2, 0, 3, 2], ""fitness"": 0.5647598984497381}"
3,2,1,"[{""rank"": 8, ""chromosome"": [2, 0, 2, 2, 0, 2], ""fitness"": 0.5166315562037487}, {""rank"": 0, ""chromosome"": [3, 2, 1, 3, 2, 1], ""fitness"": 0.5790803973212704}, {""rank"": 4, ""chromosome"": [2, 2, 2, 0, 3, 2], ""fitness"": 0.5532328633932911}]","{""rank"": 0, ""chromosome"": [3, 2, 1, 3, 2, 1], ""fitness"": 0.5790803973212704}"
3,2,2,"[{""rank"": 5, ""chromosome"": [0, 0, 0, 0, 3, 0], ""fitness"": 0.5401577146257998}, {""rank"": 5, ""chromosome"": [0, 0, 0, 0, 3, 0], ""fitness"": 0.5401577146257998}, {""rank"": 6, ""chromosome"": [2, 0, 0, 2, 1, 1], ""fitness"": 0.5331064657267865}]","{""rank"": 5, ""chromosome"": [0, 0, 0, 0, 3, 0], ""fitness"": 0.5401577146257998}"
3,3,1,"[{""rank"": 3, ""chromosome"": [2, 1, 0, 0, 2, 2], ""fitness"": 0.556268568033274}, {""rank"": 8, ""chromosome"": [2, 0, 2, 2, 0, 2], ""fitness"": 0.5166315562037487}, {""rank"": 1, ""chromosome"": [3, 2, 2, 3, 2, 2], ""fitness"": 0.5783008728312093}]","{""rank"": 1, ""chromosome"": [3, 2, 2, 3, 2, 2], ""fitness"": 0.5783008728312093}"
3,3,2,"[{""rank"": 0, ""chromosome"": [3, 2, 1, 3, 2, 1], ""fitness"": 0.5790803973212704}, {""rank"": 8, ""chromosome"": [2, 0, 2, 2, 0, 2], ""fitness"": 0.5166315562037487}, {""rank"": 1, ""chromosome"": [3, 2, 2, 3, 2, 2], ""fitness"": 0.5783008728312093}]","{""rank"": 0, ""chromosome"": [3, 2, 1, 3, 2, 1], ""fitness"": 0.5790803973212704}"
3,4,1,"[{""rank"": 6, ""chromosome"": [2, 0, 0, 2, 1, 1], ""fitness"": 0.5331064657267865}, {""rank"": 6, ""chromosome"": [2, 0, 0, 2, 1, 1], ""fitness"": 0.5331064657267865}, {""rank"": 6, ""chromosome"": [2, 0, 0, 2, 1, 1], ""fitness"": 0.5331064657267865}]","{""rank"": 6, ""chromosome"": [2, 0, 0, 2, 1, 1], ""fitness"": 0.5331064657267865}"
3,4,2,"[{""rank"": 7, ""chromosome"": [2, 3, 2, 3, 3, 1], ""fitness"": 0.5319343164262951}, {""rank"": 7, ""chromosome"": [2, 3, 2, 3, 3, 1], ""fitness"": 0.5319343164262951}, {""rank"": 1, ""chromosome"": [3, 2, 2, 3, 2, 2], ""fitness"": 0.5783008728312093}]","{""rank"": 1, ""chromosome"": [3, 2, 2, 3, 2, 2], ""fitness"": 0.5783008728312093}"
3,5,1,"[{""rank"": 4, ""chromosome"": [2, 2, 2, 0, 3, 2], ""fitness"": 0.5532328633932911}, {""rank"": 4, ""chromosome"": [2, 2, 2, 0, 3, 2], ""fitness"": 0.5532328633932911}, {""rank"": 3, ""chromosome"": [2, 1, 0, 0, 2, 2], ""fitness"": 0.556268568033274}]","{""rank"": 3, ""chromosome"": [2, 1, 0, 0, 2, 2], ""fitness"": 0.556268568033274}"
3,5,2,"[{""rank"": 1, ""chromosome"": [3, 2, 2, 3, 2, 2], ""fitness"": 0.5783008728312093}, {""rank"": 6, ""chromosome"": [2, 0, 0, 2, 1, 1], ""fitness"": 0.5331064657267865}, {""rank"": 2, ""chromosome"": [2, 0, 2, 0, 3, 2], ""fitness"": 0.5647598984497381}]","{""rank"": 1, ""chromosome"": [3, 2, 2, 3, 2, 2], ""fitness"": 0.5783008728312093}"
3,6,1,"[{""rank"": 2, ""chromosome"": [2, 0, 2, 0, 3, 2], ""fitness"": 0.5647598984497381}, {""rank"": 2, ""chromosome"": [2, 0, 2, 0, 3, 2], ""fitness"": 0.5647598984497381}, {""rank"": 8, ""chromosome"": [2, 0, 2, 2, 0, 2], ""fitness"": 0.5166315562037487}]","{""rank"": 2, ""chromosome"": [2, 0, 2, 0, 3, 2], ""fitness"": 0.5647598984497381}"
3,6,2,"[{""rank"": 5, ""chromosome"": [0, 0, 0, 0, 3, 0], ""fitness"": 0.5401577146257998}, {""rank"": 5, ""chromosome"": [0, 0, 0, 0, 3, 0], ""fitness"": 0.5401577146257998}, {""rank"": 7, ""chromosome"": [2, 3, 2, 3, 3, 1], ""fitness"": 0.5319343164262951}]","{""rank"": 5, ""chromosome"": [0, 0, 0, 0, 3, 0], ""fitness"": 0.5401577146257998}"
3,7,1,"[{""rank"": 4, ""chromosome"": [2, 2, 2, 0, 3, 2], ""fitness"": 0.5532328633932911}, {""rank"": 5, ""chromosome"": [0, 0, 0, 0, 3, 0], ""fitness"": 0.5401577146257998}, {""rank"": 4, ""chromosome"": [2, 2, 2, 0, 3, 2], ""fitness"": 0.5532328633932911}]","{""rank"": 4, ""chromosome"": [2, 2, 2, 0, 3, 2], ""fitness"": 0.5532328633932911}"
3,7,2,"[{""rank"": 7, ""chromosome"": [2, 3, 2, 3, 3, 1], ""fitness"": 0.5319343164262951}, {""rank"": 9, ""chromosome"": [4, 2, 0, 0, 1, 2], ""fitness"": 0.5096811153880814}, {""rank"": 7, ""chromosome"": [2, 3, 2, 3, 3, 1], ""fitness"": 0.5319343164262951}]","{""rank"": 7, ""chromosome"": [2, 3, 2, 3, 3, 1], ""fitness"": 0.5319343164262951}"
3,8,1,"[{""rank"": 6, ""chromosome"": [2, 0, 0, 2, 1, 1], ""fitness"": 0.5331064657267865}, {""rank"": 4, ""chromosome"": [2, 2, 2, 0, 3, 2], ""fitness"": 0.5532328633932911}, {""rank"": 4, ""chromosome"": [2, 2, 2, 0, 3, 2], ""fitness"": 0.5532328633932911}]","{""rank"": 4, ""chromosome"": [2, 2, 2, 0, 3, 2], ""fitness"": 0.5532328633932911}"
3,8,2,"[{""rank"": 6, ""chromosome"": [2, 0, 0, 2, 1, 1], ""fitness"": 0.5331064657267865}, {""rank"": 5, ""chromosome"": [0, 0, 0, 0, 3, 0], ""fitness"": 0.5401577146257998}, {""rank"": 7, ""chromosome"": [2, 3, 2, 3, 3, 1], ""fitness"": 0.5319343164262951}]","{""rank"": 5, ""chromosome"": [0, 0, 0, 0, 3, 0], ""fitness"": 0.5401577146257998}"
3,9,1,"[{""rank"": 7, ""chromosome"": [2, 3, 2, 3, 3, 1], ""fitness"": 0.5319343164262951}, {""rank"": 8, ""chromosome"": [2, 0, 2, 2, 0, 2], ""fitness"": 0.5166315562037487}, {""rank"": 7, ""chromosome"": [2, 3, 2, 3, 3, 1], ""fitness"": 0.5319343164262951}]","{""rank"": 7, ""chromosome"": [2, 3, 2, 3, 3, 1], ""fitness"": 0.5319343164262951}"
3,9,2,"[{""rank"": 6, ""chromosome"": [2, 0, 0, 2, 1, 1], ""fitness"": 0.5331064657267865}, {""rank"": 2, ""chromosome"": [2, 0, 2, 0, 3, 2], ""fitness"": 0.5647598984497381}, {""rank"": 7, ""chromosome"": [2, 3, 2, 3, 3, 1], ""fitness"": 0.5319343164262951}]","{""rank"": 2, ""chromosome"": [2, 0, 2, 0, 3, 2], ""fitness"": 0.5647598984497381}"
4,2,1,"[{""rank"": 3, ""chromosome"": [3, 0, 0, 0, 0, 1], ""fitness"": 0.564517462529675}, {""rank"": 0, ""chromosome"": [0, 2, 2, 3, 2, 2], ""fitness"": 0.5804493378961464}, {""rank"": 7, ""chromosome"": [1, 2, 0, 2, 2, 1], ""fitness"": 0.5550897277227723}]","{""rank"": 0, ""chromosome"": [0, 2, 2, 3, 2, 2], ""fitness"": 0.5804493378961464}"
4,2,2,"[{""rank"": 8, ""chromosome"": [3, 0, 2, 3, 3, 0], ""fitness"": 0.5540529367994613}, {""rank"": 9, ""chromosome"": [2, 0, 0, 0, 3, 2], ""fitness"": 0.5340571490304111}, {""rank"": 4, ""chromosome"": [2, 3, 2, 3, 3, 2], ""fitness"": 0.5613244746934587}]","{""rank"": 4, ""chromosome"": [2, 3, 2, 3, 3, 2], ""fitness"": 0.5613244746934587}"
4,3,1,"[{""rank"": 4, ""chromosome"": [2, 3, 2, 3, 3, 2], ""fitness"": 0.5613244746934587}, {""rank"": 4, ""chromosome"": [2, 3, 2, 3, 3, 2], ""fitness"": 0.5613244746934587}, {""rank"": 2, ""chromosome"": [3, 2, 2, 3, 2, 2], ""fitness"": 0.5783008728312093}]","{""rank"": 2, ""chromosome"": [3, 2, 2, 3, 2, 2], ""fitness"": 0.5783008728312093}"
4,3,2,"[{""rank"": 9, ""chromosome"": [2, 0, 0, 0, 3, 2], ""fitness"": 0.5340571490304111}, {""rank"": 4, ""chromosome"": [2, 3, 2, 3, 3, 2], ""fitness"": 0.5613244746934587}, {""rank"": 3, ""chromosome"": [3, 0, 0, 0, 0, 1], ""fitness"": 0.564517462529675}]","{""rank"": 3, ""chromosome"": [3, 0, 0, 0, 0, 1], ""fitness"": 0.564517462529675}"
4,4,1,"[{""rank"": 8, ""chromosome"": [3, 0, 2, 3, 3, 0], ""fitness"": 0.5540529367994613}, {""rank"": 8, ""chromosome"": [3, 0, 2, 3, 3, 0], ""fitness"": 0.5540529367994613}, {""rank"": 0, ""chromosome"": [0, 2, 2, 3, 2, 2], ""fitness"": 0.5804493378961464}]","{""rank"": 0, ""chromosome"": [0, 2, 2, 3, 2, 2], ""fitness"": 0.5804493378961464}"
4,4,2,"[{""rank"": 2, ""chromosome"": [3, 2, 2, 3, 2, 2], ""fitness"": 0.5783008728312093}, {""rank"": 2, ""chromosome"": [3, 2, 2, 3, 2, 2], ""fitness"": 0.5783008728312093}, {""rank"": 4, ""chromosome"": [2, 3, 2, 3, 3, 2], ""fitness"": 0.5613244746934587}]","{""rank"": 2, ""chromosome"": [3, 2, 2, 3, 2, 2], ""fitness"": 0.5783008728312093}"
4,5,1,"[{""rank"": 9, ""chromosome"": [2, 0, 0, 0, 3, 2], ""fitness"": 0.5340571490304111}, {""rank"": 9, ""chromosome"": [2, 0, 0, 0, 3, 2], ""fitness"": 0.5340571490304111}, {""rank"": 1, ""chromosome"": [3, 2, 1, 3, 2, 1], ""fitness"": 0.5790803973212704}]","{""rank"": 1, ""chromosome"": [3, 2, 1, 3, 2, 1], ""fitness"": 0.5790803973212704}"
4,5,2,"[{""rank"": 7, ""chromosome"": [1, 2, 0, 2, 2, 1], ""fitness"": 0.5550897277227723}, {""rank"": 8, ""chromosome"": [3, 0, 2, 3, 3, 0], ""fitness"": 0.5540529367994613}, {""rank"": 6, ""chromosome"": [2, 1, 0, 0, 2, 2], ""fitness"": 0.556268568033274}]","{""rank"": 6, ""chromosome"": [2, 1, 0, 0, 2, 2], ""fitness"": 0.556268568033274}"
4,6,1,"[{""rank"": 4, ""chromosome"": [2, 3, 2, 3, 3, 2], ""fitness"": 0.5613244746934587}, {""rank"": 1, ""chromosome"": [3, 2, 1, 3, 2, 1], ""fitness"": 0.5790803973212704}, {""rank"": 8, ""chromosome"": [3, 0, 2, 3, 3, 0], ""fitness"": 0.5540529367994613}]","{""rank"": 1, ""chromosome"": [3, 2, 1, 3, 2, 1], ""fitness"": 0.5790803973212704}"
4,6,2,"[{""rank"": 7, ""chromosome"": [1, 2, 0, 2, 2, 1], ""fitness"": 0.5550897277227723}, {""rank"": 0, ""chromosome"": [0, 2, 2, 3, 2, 2], ""fitness"": 0.5804493378961464}, {""rank"": 1, ""chromosome"": [3, 2, 1, 3, 2, 1], ""fitness"": 0.5790803973212704}]","{""rank"": 0, ""chromosome"": [0, 2, 2, 3, 2, 2], ""fitness"": 0.5804493378961464}"
4,7,1,"[{""rank"": 1, ""chromosome"": [3, 2, 1, 3, 2, 1], ""fitness"": 0.5790803973212704}, {""rank"": 5, ""chromosome"": [2, 2, 1, 0, 3, 2], ""fitness"": 0.5563766002268675}, {""rank"": 7, ""chromosome"": [1, 2, 0, 2, 2, 1], ""fitness"": 0.5550897277227723}]","{""rank"": 1, ""chromosome"": [3, 2, 1, 3, 2, 1], ""fitness"": 0.5790803973212704}"
4,7,2,"[{""rank"": 2, ""chromosome"": [3, 2, 2, 3, 2, 2], ""fitness"": 0.5783008728312093}, {""rank"": 6, ""chromosome"": [2, 1, 0, 0, 2, 2], ""fitness"": 0.556268568033274}, {""rank"": 8, ""chromosome"": [3, 0, 2, 3, 3, 0], ""fitness"": 0.5540529367994613}]","{""rank"": 2, ""chromosome"": [3, 2, 2, 3, 2, 2], ""fitness"": 0.5783008728312093}"
4,8,1,"[{""rank"": 1, ""chromosome"": [3, 2, 1, 3, 2, 1], ""fitness"": 0.5790803973212704}, {""rank"": 0, ""chromosome"": [0, 2, 2, 3, 2, 2], ""fitness"": 0.5804493378961464}, {""rank"": 3, ""chromosome"": [3, 0, 0, 0, 0, 1], ""fitness"": 0.564517462529675}]","{""rank"": 0, ""chromosome"": [0, 2, 2, 3, 2, 2], ""fitness"": 0.5804493378961464}"
4,8,2,"[{""rank"": 6, ""chromosome"": [2, 1, 0, 0, 2, 2], ""fitness"": 0.556268568033274}, {""rank"": 4, ""chromosome"": [2, 3, 2, 3, 3, 2], ""fitness"": 0.5613244746934587}, {""rank"": 7, ""chromosome"": [1, 2, 0, 2, 2, 1], ""fitness"": 0.5550897277227723}]","{""rank"": 4, ""chromosome"": [2, 3, 2, 3, 3, 2], ""fitness"": 0.5613244746934587}"
4,9,1,"[{""rank"": 6, ""chromosome"": [2, 1, 0, 0, 2, 2], ""fitness"": 0.556268568033274}, {""rank"": 5, ""chromosome"": [2, 2, 1, 0, 3, 2], ""fitness"": 0.5563766002268675}, {""rank"": 6, ""chromosome"": [2, 1, 0, 0, 2, 2], ""fitness"": 0.556268568033274}]","{""rank"": 5, ""chromosome"": [2, 2, 1, 0, 3, 2], ""fitness"": 0.5563766002268675}"
4,9,2,"[{""rank"": 5, ""chromosome"": [2, 2, 1, 0, 3, 2], ""fitness"": 0.5563766002268675}, {""rank"": 6, ""chromosome"": [2, 1, 0, 0, 2, 2], ""fitness"": 0.556268568033274}, {""rank"": 6, ""chromosome"": [2, 1, 0, 0, 2, 2], ""fitness"": 0.556268568033274}]","{""rank"": 5, ""chromosome"": [2, 2, 1, 0, 3, 2], ""fitness"": 0.5563766002268675}"
5,2,1,"[{""rank"": 3, ""chromosome"": [2, 2, 1, 0, 3, 2], ""fitness"": 0.5563766002268675}, {""rank"": 5, ""chromosome"": [1, 0, 1, 3, 2, 1], ""fitness"": 0.5463490099009901}, {""rank"": 8, ""chromosome"": [2, 2, 2, 3, 4, 2], ""fitness"": 0.5309674282936315}]","{""rank"": 3, ""chromosome"": [2, 2, 1, 0, 3, 2], ""fitness"": 0.5563766002268675}"
5,2,2,"[{""rank"": 3, ""chromosome"": [2, 2, 1, 0, 3, 2], ""fitness"": 0.5563766002268675}, {""rank"": 4, ""chromosome"": [3, 2, 2, 0, 0, 1], ""fitness"": 0.5486257928118392}, {""rank"": 0, ""chromosome"": [0, 2, 2, 3, 2, 2], ""fitness"": 0.5804493378961464}]","{""rank"": 0, ""chromosome"": [0, 2, 2, 3, 2, 2], ""fitness"": 0.5804493378961464}"
5,3,1,"[{""rank"": 2, ""chromosome"": [3, 2, 1, 3, 2, 1], ""fitness"": 0.5790803973212704}, {""rank"": 6, ""chromosome"": [0, 2, 2, 3, 0, 2], ""fitness"": 0.540197391261221}, {""rank"": 6, ""chromosome"": [0, 2, 2, 3, 0, 2], ""fitness"": 0.540197391261221}]","{""rank"": 2, ""chromosome"": [3, 2, 1, 3, 2, 1], ""fitness"": 0.5790803973212704}"
5,3,2,"[{""rank"": 1, ""chromosome"": [0, 2, 2, 3, 2, 2], ""fitness"": 0.5804493378961464}, {""rank"": 5, ""chromosome"": [1, 0, 1, 3, 2, 1], ""fitness"": 0.5463490099009901}, {""rank"": 3, ""chromosome"": [2, 2, 1, 0, 3, 2], ""fitness"": 0.5563766002268675}]","{""rank"": 1, ""chromosome"": [0, 2, 2, 3, 2, 2], ""fitness"": 0.5804493378961464}"
5,4,1,"[{""rank"": 9, ""chromosome"": [0, 0, 2, 3, 0, 2], ""fitness"": 0.5230074889649359}, {""rank"": 6, ""chromosome"": [0, 2, 2, 3, 0, 2], ""fitness"": 0.540197391261221}, {""rank"": 3, ""chromosome"": [2, 2, 1, 0, 3, 2], ""fitness"": 0.5563766002268675}]","{""rank"": 3, ""chromosome"": [2, 2, 1, 0, 3, 2], ""fitness"": 0.5563766002268675}"
5,4,2,"[{""rank"": 0, ""chromosome"": [0, 2, 2, 3, 2, 2], ""fitness"": 0.5804493378961464}, {""rank"": 6, ""chromosome"": [0, 2, 2, 3, 0, 2], ""fitness"": 0.540197391261221}, {""rank"": 2, ""chromosome"": [3, 2, 1, 3, 2, 1], ""fitness"": 0.5790803973212704}]","{""rank"": 0, ""chromosome"": [0, 2, 2, 3, 2, 2], ""fitness"": 0.5804493378961464}"
5,5,1,"[{""rank"": 4, ""chromosome"": [3, 2, 2, 0, 0, 1], ""fitness"": 0.5486257928118392}, {""rank"": 4, ""chromosome"": [3, 2, 2, 0, 0, 1], ""fitness"": 0.5486257928118392}, {""rank"": 9, ""chromosome"": [0, 0, 2, 3, 0, 2], ""fitness"": 0.5230074889649359}]","{""rank"": 4, ""chromosome"": [3, 2, 2, 0, 0, 1], ""fitness"": 0.5486257928118392}"
5,5,2,"[{""rank"": 1, ""chromosome"": [0, 2, 2, 3, 2, 2], ""fitness"": 0.5804493378961464}, {""rank"": 3, ""chromosome"": [2, 2, 1, 0, 3, 2], ""fitness"": 0.5563766002268675}, {""rank"": 1, ""chromosome"": [0, 2, 2, 3, 2, 2], ""fitness"": 0.5804493378961464}]","{""rank"": 1, ""chromosome"": [0, 2, 2, 3, 2, 2], ""fitness"": 0.5804493378961464}"
5,6,1,"[{""rank"": 2, ""chromosome"": [3, 2, 1, 3, 2, 1], ""fitness"": 0.5790803973212704}, {""rank"": 2, ""chromosome"": [3, 2, 1, 3, 2, 1], ""fitness"": 0.5790803973212704}, {""rank"": 8, ""chromosome"": [2, 2, 2, 3, 4, 2], ""fitness"": 0.5309674282936315}]","{""rank"": 2, ""chromosome"": [3, 2, 1, 3, 2, 1], ""fitness"": 0.5790803973212704}"
5,6,2,"[{""rank"": 8, ""chromosome"": [2, 2, 2, 3, 4, 2], ""fitness"": 0.5309674282936315}, {""rank"": 8, ""chromosome"": [2, 2, 2, 3, 4, 2], ""fitness"": 0.5309674282936315}, {""rank"": 6, ""chromosome"": [0, 2, 2, 3, 0, 2], ""fitness"": 0.540197391261221}]","{""rank"": 6, ""chromosome"": [0, 2, 2, 3, 0, 2], ""fitness"": 0.540197391261221}"
5,7,1,"[{""rank"": 3, ""chromosome"": [2, 2, 1, 0, 3, 2], ""fitness"": 0.5563766002268675}, {""rank"": 5, ""chromosome"": [1, 0, 1, 3, 2, 1], ""fitness"": 0.5463490099009901}, {""rank"": 1, ""chromosome"": [0, 2, 2, 3, 2, 2], ""fitness"": 0.5804493378961464}]","{""rank"": 1, ""chromosome"": [0, 2, 2, 3, 2, 2], ""fitness"": 0.5804493378961464}"
5,7,2,"[{""rank"": 8, ""chromosome"": [2, 2, 2, 3, 4, 2], ""fitness"": 0.5309674282936315}, {""rank"": 3, ""chromosome"": [2, 2, 1, 0, 3, 2], ""fitness"": 0.5563766002268675}, {""rank"": 3, ""chromosome"": [2, 2, 1, 0, 3, 2], ""fitness"": 0.5563766002268675}]","{""rank"": 3, ""chromosome"": [2, 2, 1, 0, 3, 2], ""fitness"": 0.5563766002268675}"
5,8,1,"[{""rank"": 9, ""chromosome"": [0, 0, 2, 3, 0, 2], ""fitness"": 0.5230074889649359}, {""rank"": 5, ""chromosome"": [1, 0, 1, 3, 2, 1], ""fitness"": 0.5463490099009901}, {""rank"": 0, ""chromosome"": [0, 2, 2, 3, 2, 2], ""fitness"": 0.5804493378961464}]","{""rank"": 0, ""chromosome"": [0, 2, 2, 3, 2, 2], ""fitness"": 0.5804493378961464}"
5,8,2,"[{""rank"": 4, ""chromosome"": [3, 2, 2, 0, 0, 1], ""fitness"": 0.5486257928118392}, {""rank"": 2, ""chromosome"": [3, 2, 1, 3, 2, 1], ""fitness"": 0.5790803973212704}, {""rank"": 1, ""chromosome"": [0, 2, 2, 3, 2, 2], ""fitness"": 0.5804493378961464}]","{""rank"": 1, ""chromosome"": [0, 2, 2, 3, 2, 2], ""fitness"": 0.5804493378961464}"
5,9,1,"[{""rank"": 6, ""chromosome"": [0, 2, 2, 3, 0, 2], ""fitness"": 0.540197391261221}, {""rank"": 5, ""chromosome"": [1, 0, 1, 3, 2, 1], ""fitness"": 0.5463490099009901}, {""rank"": 9, ""chromosome"": [0, 0, 2, 3, 0, 2], ""fitness"": 0.5230074889649359}]","{""rank"": 5, ""chromosome"": [1, 0, 1, 3, 2, 1], ""fitness"": 0.5463490099009901}"
5,9,2,"[{""rank"": 6, ""chromosome"": [0, 2, 2, 3, 0, 2], ""fitness"": 0.540197391261221}, {""rank"": 4, ""chromosome"": [3, 2, 2, 0, 0, 1], ""fitness"": 0.5486257928118392}, {""rank"": 9, ""chromosome"": [0, 0, 2, 3, 0, 2], ""fitness"": 0.5230074889649359}]","{""rank"": 4, ""chromosome"": [3, 2, 2, 0, 0, 1], ""fitness"": 0.5486257928118392}"
6,2,1,"[{""rank"": 0, ""chromosome"": [0, 0, 1, 0, 3, 2], ""fitness"": 0.5810048107920449}, {""rank"": 9, ""chromosome"": [1, 0, 1, 3, 1, 1], ""fitness"": 0.5100144389438943}, {""rank"": 4, ""chromosome"": [0, 2, 2, 2, 2, 2], ""fitness"": 0.5682090958686703}]","{""rank"": 0, ""chromosome"": [0, 0, 1, 0, 3, 2], ""fitness"": 0.5810048107920449}"
6,2,2,"[{""rank"": 8, ""chromosome"": [0, 2, 1, 3, 0, 1], ""fitness"": 0.5147150721618806}, {""rank"": 9, ""chromosome"": [1, 0, 1, 3, 1, 1], ""fitness"": 0.5100144389438943}, {""rank"": 8, ""chromosome"": [0, 2, 1, 3, 0, 1], ""fitness"": 0.5147150721618806}]","{""rank"": 8, ""chromosome"": [0, 2, 1, 3, 0, 1], ""fitness"": 0.5147150721618806}"
6,3,1,"[{""rank"": 4, ""chromosome"": [0, 2, 2, 2, 2, 2], ""fitness"": 0.5682090958686703}, {""rank"": 8, ""chromosome"": [0, 2, 1, 3, 0, 1], ""fitness"": 0.5147150721618806}, {""rank"": 2, ""chromosome"": [0, 2, 2, 3, 2, 2], ""fitness"": 0.5804493378961464}]","{""rank"": 2, ""chromosome"": [0, 2, 2, 3, 2, 2], ""fitness"": 0.5804493378961464}"
6,3,2,"[{""rank"": 0, ""chromosome"": [0, 0, 1, 0, 3, 2], ""fitness"": 0.5810048107920449}, {""rank"": 0, ""chromosome"": [0, 0, 1, 0, 3, 2], ""fitness"": 0.5810048107920449}, {""rank"": 3, ""chromosome"": [3, 2, 1, 3, 2, 1], ""fitness"": 0.5790803973212704}]","{""rank"": 0, ""chromosome"": [0, 0, 1, 0, 3, 2], ""fitness"": 0.5810048107920449}"
6,4,1,"[{""rank"": 2, ""chromosome"": [0, 2, 2, 3, 2, 2], ""fitness"": 0.5804493378961464}, {""rank"": 6, ""chromosome"": [2, 2, 1, 0, 3, 2], ""fitness"": 0.5563766002268675}, {""rank"": 5, ""chromosome"": [2, 1, 2, 1, 2, 2], ""fitness"": 0.5653540755145032}]","{""rank"": 2, ""chromosome"": [0, 2, 2, 3, 2, 2], ""fitness"": 0.5804493378961464}"
6,4,2,"[{""rank"": 0, ""chromosome"": [0, 0, 1, 0, 3, 2], ""fitness"": 0.5810048107920449}, {""rank"": 7, ""chromosome"": [2, 2, 2, 0, 0, 0], ""fitness"": 0.5155188246097338}, {""rank"": 4, ""chromosome"": [0, 2, 2, 2, 2, 2], ""fitness"": 0.5682090958686703}]","{""rank"": 0, ""chromosome"": [0, 0, 1, 0, 3, 2], ""fitness"": 0.5810048107920449}"
6,5,1,"[{""rank"": 7, ""chromosome"": [2, 2, 2, 0, 0, 0], ""fitness"": 0.5155188246097338}, {""rank"": 5, ""chromosome"": [2, 1, 2, 1, 2, 2], ""fitness"": 0.5653540755145032}, {""rank"": 4, ""chromosome"": [0, 2, 2, 2, 2, 2], ""fitness"": 0.5682090958686703}]","{""rank"": 4, ""chromosome"": [0, 2, 2, 2, 2, 2], ""fitness"": 0.5682090958686703}"
6,5,2,"[{""rank"": 3, ""chromosome"": [3, 2, 1, 3, 2, 1], ""fitness"": 0.5790803973212704}, {""rank"": 1, ""chromosome"": [0, 2, 2, 3, 2, 2], ""fitness"": 0.5804493378961464}, {""rank"": 2, ""chromosome"": [0, 2, 2, 3, 2, 2], ""fitness"": 0.5804493378961464}]","{""rank"": 1, ""chromosome"": [0, 2, 2, 3, 2, 2], ""fitness"": 0.5804493378961464}"
6,6,1,"[{""rank"": 3, ""chromosome"": [3, 2, 1, 3, 2, 1], ""fitness"": 0.5790803973212704}, {""rank"": 7, ""chromosome"": [2, 2, 2, 0, 0, 0], ""fitness"": 0.5155188246097338}, {""rank"": 4, ""chromosome"": [0, 2, 2, 2, 2, 2], ""fitness"": 0.5682090958686703}]","{""rank"": 3, ""chromosome"": [3, 2, 1, 3, 2, 1], ""fitness"": 0.5790803973212704}"
6,6,2,"[{""rank"": 5, ""chromosome"": [2, 1, 2, 1, 2, 2], ""fitness"": 0.5653540755145032}, {""rank"": 1, ""chromosome"": [0, 2, 2, 3, 2, 2], ""fitness"": 0.5804493378961464}, {""rank"": 1, ""chromosome"": [0, 2, 2, 3, 2, 2], ""fitness"": 0.5804493378961464}]","{""rank"": 1, ""chromosome"": [0, 2, 2, 3, 2, 2], ""fitness"": 0.5804493378961464}"
6,7,1,"[{""rank"": 1, ""chromosome"": [0, 2, 2, 3, 2, 2], ""fitness"": 0.5804493378961464}, {""rank"": 3, ""chromosome"": [3, 2, 1, 3, 2, 1], ""fitness"": 0.5790803973212704}, {""rank"": 0, ""chromosome"": [0, 0, 1, 0, 3, 2], ""fitness"": 0.5810048107920449}]","{""rank"": 0, ""chromosome"": [0, 0, 1, 0, 3, 2], ""fitness"": 0.5810048107920449}"
6,7,2,"[{""rank"": 0, ""chromosome"": [0, 0, 1, 0, 3, 2], ""fitness"": 0.5810048107920449}, {""rank"": 3, ""chromosome"": [3, 2, 1, 3, 2, 1], ""fitness"": 0.5790803973212704}, {""rank"": 2, ""chromosome"": [0, 2, 2, 3, 2, 2], ""fitness"": 0.5804493378961464}]","{""rank"": 0, ""chromosome"": [0, 0, 1, 0, 3, 2], ""fitness"": 0.5810048107920449}"
6,8,1,"[{""rank"": 3, ""chromosome"": [3, 2, 1, 3, 2, 1], ""fitness"": 0.5790803973212704}, {""rank"": 5, ""chromosome"": [2, 1, 2, 1, 2, 2], ""fitness"": 0.5653540755145032}, {""rank"": 9, ""chromosome"": [1, 0, 1, 3, 1, 1], ""fitness"": 0.5100144389438943}]","{""rank"": 3, ""chromosome"": [3, 2, 1, 3, 2, 1], ""fitness"": 0.5790803973212704}"
6,8,2,"[{""rank"": 7, ""chromosome"": [2, 2, 2, 0, 0, 0], ""fitness"": 0.5155188246097338}, {""rank"": 2, ""chromosome"": [0, 2, 2, 3, 2, 2], ""fitness"": 0.5804493378961464}, {""rank"": 5, ""chromosome"": [2, 1, 2, 1, 2, 2], ""fitness"": 0.5653540755145032}]","{""rank"": 2, ""chromosome"": [0, 2, 2, 3, 2, 2], ""fitness"": 0.5804493378961464}"
6,9,1,"[{""rank"": 5, ""chromosome"": [2, 1, 2, 1, 2, 2], ""fitness"": 0.5653540755145032}, {""rank"": 6, ""chromosome"": [2, 2, 1, 0, 3, 2], ""fitness"": 0.5563766002268675}, {""rank"": 2, ""chromosome"": [0, 2, 2, 3, 2, 2], ""fitness"": 0.5804493378961464}]","{""rank"": 2, ""chromosome"": [0, 2, 2, 3, 2, 2], ""fitness"": 0.5804493378961464}"
6,9,2,"[{""rank"": 8, ""chromosome"": [0, 2, 1, 3, 0, 1], ""fitness"": 0.5147150721618806}, {""rank"": 6, ""chromosome"": [2, 2, 1, 0, 3, 2], ""fitness"": 0.5563766002268675}, {""rank"": 9, ""chromosome"": [1, 0, 1, 3, 1, 1], ""fitness"": 0.5100144389438943}]","{""rank"": 6, ""chromosome"": [2, 2, 1, 0, 3, 2], ""fitness"": 0.5563766002268675}"
