eval,fitness,best_so_far,hp_json,waktu_detik
1,0.575090,0.575090,"{""sequence_length"": 30, ""lstm_units_1"": 32, ""lstm_units_2"": 16, ""dropout_rate"": 0.1, ""learning_rate"": 0.01, ""batch_size"": 16}",76.27
2,0.551720,0.575090,"{""sequence_length"": 30, ""lstm_units_1"": 32, ""lstm_units_2"": 32, ""dropout_rate"": 0.3, ""learning_rate"": 0.001, ""batch_size"": 32}",55.24
3,0.551653,0.575090,"{""sequence_length"": 30, ""lstm_units_1"": 32, ""lstm_units_2"": 64, ""dropout_rate"": 0.1, ""learning_rate"": 0.0001, ""batch_size"": 64}",44.38
4,0.588521,0.588521,"{""sequence_length"": 30, ""lstm_units_1"": 64, ""lstm_units_2"": 16, ""dropout_rate"": 0.4, ""learning_rate"": 0.001, ""batch_size"": 16}",89.42
5,0.523365,0.588521,"{""sequence_length"": 30, ""lstm_units_1"": 64, ""lstm_units_2"": 48, ""dropout_rate"": 0.2, ""learning_rate"": 0.0001, ""batch_size"": 32}",65.3
6,0.592280,0.592280,"{""sequence_length"": 30, ""lstm_units_1"": 96, ""lstm_units_2"": 16, ""dropout_rate"": 0.1, ""learning_rate"": 0.005, ""batch_size"": 64}",51.82
7,0.566710,0.592280,"{""sequence_length"": 30, ""lstm_units_1"": 96, ""lstm_units_2"": 32, ""dropout_rate"": 0.3, ""learning_rate"": 0.0001, ""batch_size"": 16}",103.24
8,0.596355,0.596355,"{""sequence_length"": 30, ""lstm_units_1"": 96, ""lstm_units_2"": 64, ""dropout_rate"": 0.2, ""learning_rate"": 0.005, ""batch_size"": 32}",75.04
9,0.585847,0.596355,"{""sequence_length"": 30, ""lstm_units_1"": 128, ""lstm_units_2"": 16, ""dropout_rate"": 0.4, ""learning_rate"": 0.0005, ""batch_size"": 64}",62.71
10,0.553638,0.596355,"{""sequence_length"": 30, ""lstm_units_1"": 128, ""lstm_units_2"": 48, ""dropout_rate"": 0.3, ""learning_rate"": 0.005, ""batch_size"": 16}",80.22
11,0.577593,0.596355,"{""sequence_length"": 45, ""lstm_units_1"": 32, ""lstm_units_2"": 16, ""dropout_rate"": 0.1, ""learning_rate"": 0.0005, ""batch_size"": 32}",51.96
12,0.560128,0.596355,"{""sequence_length"": 45, ""lstm_units_1"": 32, ""lstm_units_2"": 32, ""dropout_rate"": 0.4, ""learning_rate"": 0.01, ""batch_size"": 64}",35.41
13,0.556306,0.596355,"{""sequence_length"": 45, ""lstm_units_1"": 32, ""lstm_units_2"": 64, ""dropout_rate"": 0.2, ""learning_rate"": 0.0005, ""batch_size"": 16}",107.72
14,0.529992,0.596355,"{""sequence_length"": 45, ""lstm_units_1"": 64, ""lstm_units_2"": 32, ""dropout_rate"": 0.1, ""learning_rate"": 0.01, ""batch_size"": 32}",66.64
15,0.582035,0.596355,"{""sequence_length"": 45, ""lstm_units_1"": 64, ""lstm_units_2"": 48, ""dropout_rate"": 0.3, ""learning_rate"": 0.001, ""batch_size"": 64}",50.51
16,0.545251,0.596355,"{""sequence_length"": 45, ""lstm_units_1"": 96, ""lstm_units_2"": 16, ""dropout_rate"": 0.2, ""learning_rate"": 0.01, ""batch_size"": 16}",137.62
17,0.569244,0.596355,"{""sequence_length"": 45, ""lstm_units_1"": 96, ""lstm_units_2"": 32, ""dropout_rate"": 0.4, ""learning_rate"": 0.001, ""batch_size"": 32}",98.22
18,0.567232,0.596355,"{""sequence_length"": 45, ""lstm_units_1"": 96, ""lstm_units_2"": 64, ""dropout_rate"": 0.2, ""learning_rate"": 0.0001, ""batch_size"": 64}",57.55
19,0.557912,0.596355,"{""sequence_length"": 45, ""lstm_units_1"": 128, ""lstm_units_2"": 32, ""dropout_rate"": 0.1, ""learning_rate"": 0.001, ""batch_size"": 16}",104.15
20,0.600803,0.600803,"{""sequence_length"": 45, ""lstm_units_1"": 128, ""lstm_units_2"": 48, ""dropout_rate"": 0.3, ""learning_rate"": 0.0001, ""batch_size"": 32}",108.83
21,0.575315,0.600803,"{""sequence_length"": 60, ""lstm_units_1"": 32, ""lstm_units_2"": 16, ""dropout_rate"": 0.2, ""learning_rate"": 0.005, ""batch_size"": 64}",48.73
22,0.539734,0.600803,"{""sequence_length"": 60, ""lstm_units_1"": 32, ""lstm_units_2"": 32, ""dropout_rate"": 0.4, ""learning_rate"": 0.0001, ""batch_size"": 16}",138.14
23,0.598173,0.600803,"{""sequence_length"": 60, ""lstm_units_1"": 32, ""lstm_units_2"": 64, ""dropout_rate"": 0.3, ""learning_rate"": 0.005, ""batch_size"": 32}",110.58
24,0.573949,0.600803,"{""sequence_length"": 60, ""lstm_units_1"": 64, ""lstm_units_2"": 32, ""dropout_rate"": 0.1, ""learning_rate"": 0.0005, ""batch_size"": 64}",59.08
25,0.550801,0.600803,"{""sequence_length"": 60, ""lstm_units_1"": 64, ""lstm_units_2"": 48, ""dropout_rate"": 0.4, ""learning_rate"": 0.005, ""batch_size"": 16}",150.13
26,0.581583,0.600803,"{""sequence_length"": 60, ""lstm_units_1"": 96, ""lstm_units_2"": 16, ""dropout_rate"": 0.2, ""learning_rate"": 0.0005, ""batch_size"": 32}",67.01
27,0.539920,0.600803,"{""sequence_length"": 60, ""lstm_units_1"": 96, ""lstm_units_2"": 48, ""dropout_rate"": 0.1, ""learning_rate"": 0.01, ""batch_size"": 64}",60.38
28,0.592433,0.600803,"{""sequence_length"": 60, ""lstm_units_1"": 96, ""lstm_units_2"": 64, ""dropout_rate"": 0.3, ""learning_rate"": 0.0005, ""batch_size"": 16}",197.22
29,0.568985,0.600803,"{""sequence_length"": 60, ""lstm_units_1"": 128, ""lstm_units_2"": 32, ""dropout_rate"": 0.2, ""learning_rate"": 0.01, ""batch_size"": 32}",80.88
30,0.615354,0.615354,"{""sequence_length"": 60, ""lstm_units_1"": 128, ""lstm_units_2"": 48, ""dropout_rate"": 0.4, ""learning_rate"": 0.001, ""batch_size"": 64}",122.85
31,0.559267,0.615354,"{""sequence_length"": 90, ""lstm_units_1"": 32, ""lstm_units_2"": 16, ""dropout_rate"": 0.3, ""learning_rate"": 0.01, ""batch_size"": 16}",97.35
32,0.565729,0.615354,"{""sequence_length"": 90, ""lstm_units_1"": 32, ""lstm_units_2"": 48, ""dropout_rate"": 0.1, ""learning_rate"": 0.001, ""batch_size"": 32}",144.78
33,0.527865,0.615354,"{""sequence_length"": 90, ""lstm_units_1"": 32, ""lstm_units_2"": 64, ""dropout_rate"": 0.3, ""learning_rate"": 0.0001, ""batch_size"": 64}",92.34
34,0.565456,0.615354,"{""sequence_length"": 90, ""lstm_units_1"": 64, ""lstm_units_2"": 32, ""dropout_rate"": 0.2, ""learning_rate"": 0.001, ""batch_size"": 16}",242.45
35,0.565763,0.615354,"{""sequence_length"": 90, ""lstm_units_1"": 64, ""lstm_units_2"": 48, ""dropout_rate"": 0.4, ""learning_rate"": 0.0001, ""batch_size"": 32}",160.02
36,0.571044,0.615354,"{""sequence_length"": 90, ""lstm_units_1"": 96, ""lstm_units_2"": 16, ""dropout_rate"": 0.3, ""learning_rate"": 0.005, ""batch_size"": 64}",96.91
37,0.581776,0.615354,"{""sequence_length"": 90, ""lstm_units_1"": 96, ""lstm_units_2"": 48, ""dropout_rate"": 0.1, ""learning_rate"": 0.0001, ""batch_size"": 16}",189.5
38,0.541805,0.615354,"{""sequence_length"": 90, ""lstm_units_1"": 96, ""lstm_units_2"": 64, ""dropout_rate"": 0.4, ""learning_rate"": 0.005, ""batch_size"": 32}",206.51
39,0.591441,0.615354,"{""sequence_length"": 90, ""lstm_units_1"": 128, ""lstm_units_2"": 32, ""dropout_rate"": 0.2, ""learning_rate"": 0.0005, ""batch_size"": 64}",192.79
40,0.536121,0.615354,"{""sequence_length"": 90, ""lstm_units_1"": 128, ""lstm_units_2"": 64, ""dropout_rate"": 0.1, ""learning_rate"": 0.005, ""batch_size"": 16}",188.59
41,0.554956,0.615354,"{""sequence_length"": 120, ""lstm_units_1"": 32, ""lstm_units_2"": 16, ""dropout_rate"": 0.3, ""learning_rate"": 0.0005, ""batch_size"": 32}",80.99
42,0.581571,0.615354,"{""sequence_length"": 120, ""lstm_units_1"": 32, ""lstm_units_2"": 48, ""dropout_rate"": 0.2, ""learning_rate"": 0.01, ""batch_size"": 64}",115.53
43,0.593421,0.615354,"{""sequence_length"": 120, ""lstm_units_1"": 32, ""lstm_units_2"": 64, ""dropout_rate"": 0.4, ""learning_rate"": 0.0005, ""batch_size"": 16}",256.16
44,0.560118,0.615354,"{""sequence_length"": 120, ""lstm_units_1"": 64, ""lstm_units_2"": 32, ""dropout_rate"": 0.3, ""learning_rate"": 0.01, ""batch_size"": 32}",207.68
45,0.595469,0.615354,"{""sequence_length"": 120, ""lstm_units_1"": 64, ""lstm_units_2"": 64, ""dropout_rate"": 0.1, ""learning_rate"": 0.001, ""batch_size"": 64}",162.19
46,0.543044,0.615354,"{""sequence_length"": 120, ""lstm_units_1"": 96, ""lstm_units_2"": 16, ""dropout_rate"": 0.4, ""learning_rate"": 0.01, ""batch_size"": 16}",297.21
47,0.604142,0.615354,"{""sequence_length"": 120, ""lstm_units_1"": 96, ""lstm_units_2"": 48, ""dropout_rate"": 0.2, ""learning_rate"": 0.001, ""batch_size"": 32}",255.12
48,0.585641,0.615354,"{""sequence_length"": 120, ""lstm_units_1"": 96, ""lstm_units_2"": 64, ""dropout_rate"": 0.4, ""learning_rate"": 0.0001, ""batch_size"": 64}",211.5
49,0.579015,0.615354,"{""sequence_length"": 120, ""lstm_units_1"": 128, ""lstm_units_2"": 32, ""dropout_rate"": 0.3, ""learning_rate"": 0.001, ""batch_size"": 16}",387.42
50,0.590083,0.615354,"{""sequence_length"": 120, ""lstm_units_1"": 128, ""lstm_units_2"": 64, ""dropout_rate"": 0.1, ""learning_rate"": 0.0001, ""batch_size"": 32}",265.1
