ticker,method,seed,fold,accuracy,precision,recall,f1,auc,n_train_seq,n_val_seq,pct_label1_train,pct_label1_val,timestamp
BTC-USD,ga,42,1,0.567568,0.074148,0.521127,0.129825,0.580907,1149,1147,10.3568,6.1901,2026-10-09T10:51:47+00:00
BTC-USD,ga,42,2,0.769834,0.000000,0.000000,0.000000,0.628033,2385,1147,8.5535,23.0166,2026-10-09T10:51:47+00:00
BTC-USD,ga,42,3,0.428073,0.173001,0.840764,0.286957,0.654243,3621,1147,13.2284,13.6879,2026-10-09T10:51:47+00:00
BTC-USD,ga,43,1,0.817786,0.116667,0.295775,0.167331,0.648476,1149,1147,10.3568,6.1901,2026-10-09T10:54:54+00:00
BTC-USD,ga,43,2,0.736704,0.388235,0.250000,0.304147,0.621521,2385,1147,8.5535,23.0166,2026-10-09T10:54:54+00:00
BTC-USD,ga,43,3,0.136879,0.136879,1.000000,0.240798,0.649868,3621,1147,13.2284,13.6879,2026-10-09T10:54:54+00:00
BTC-USD,ga,44,1,0.734961,0.122977,0.535211,0.200000,0.666894,1149,1147,10.3568,6.1901,2026-10-09T11:00:02+00:00
BTC-USD,ga,44,2,0.769834,0.000000,0.000000,0.000000,0.626913,2385,1147,8.5535,23.0166,2026-10-09T11:00:02+00:00
BTC-USD,ga,44,3,0.136879,0.136879,1.000000,0.240798,0.649427,3621,1147,13.2284,13.6879,2026-10-09T11:00:02+00:00
BTC-USD,grid,42,1,0.942704,0.000000,0.000000,0.000000,0.669204,1119,1117,10.2770,5.7296,2026-10-09T11:07:14+00:00
BTC-USD,grid,42,2,0.767234,0.488636,0.166667,0.248555,0.634860,2355,1117,8.4926,23.0976,2026-10-09T11:07:14+00:00
BTC-USD,grid,42,3,0.136974,0.136974,1.000000,0.240945,0.674260,3591,1117,13.2275,13.6974,2026-10-09T11:07:14+00:00
BTC-USD,grid,43,1,0.652641,0.102941,0.656250,0.177966,0.649914,1119,1117,10.2770,5.7296,2026-10-09T11:14:21+00:00
BTC-USD,grid,43,2,0.761862,0.439394,0.112403,0.179012,0.620669,2355,1117,8.4926,23.0976,2026-10-09T11:14:21+00:00
BTC-USD,grid,43,3,0.136974,0.136974,1.000000,0.240945,0.649873,3591,1117,13.2275,13.6974,2026-10-09T11:14:21+00:00
BTC-USD,grid,44,1,0.908684,0.172414,0.156250,0.163934,0.658268,1119,1117,10.2770,5.7296,2026-10-09T11:30:28+00:00
BTC-USD,grid,44,2,0.530886,0.290221,0.713178,0.412556,0.629256,2355,1117,8.4926,23.0976,2026-10-09T11:30:28+00:00
BTC-USD,grid,44,3,0.136974,0.136974,1.000000,0.240945,0.644272,3591,1117,13.2275,13.6974,2026-10-09T11:30:28+00:00
BTC-USD,manual,42,1,0.074766,0.064433,1.000000,0.121065,0.705989,1179,1177,10.2629,6.3721,2026-10-09T11:37:16+00:00
BTC-USD,manual,42,2,0.771453,0.250000,0.007547,0.014652,0.662066,2415,1177,8.5300,22.5149,2026-10-09T11:37:16+00:00
BTC-USD,manual,42,3,0.140187,0.140187,1.000000,0.245902,0.625626,3651,1177,13.1745,14.0187,2026-10-09T11:37:16+00:00
BTC-USD,manual,43,1,0.745115,0.090909,0.333333,0.142857,0.591531,1179,1177,10.2629,6.3721,2026-10-09T11:47:12+00:00
BTC-USD,manual,43,2,0.705183,0.371069,0.445283,0.404803,0.629969,2415,1177,8.5300,22.5149,2026-10-09T11:47:12+00:00
BTC-USD,manual,43,3,0.140187,0.140187,1.000000,0.245902,0.661873,3651,1177,13.1745,14.0187,2026-10-09T11:47:12+00:00
BTC-USD,manual,44,1,0.245540,0.076121,0.973333,0.141199,0.666836,1179,1177,10.2629,6.3721,2026-10-09T11:50:56+00:00
BTC-USD,manual,44,2,0.775701,0.516129,0.060377,0.108108,0.614602,2415,1177,8.5300,22.5149,2026-10-09T11:50:56+00:00
BTC-USD,manual,44,3,0.140187,0.140187,1.000000,0.245902,0.628123,3651,1177,13.1745,14.0187,2026-10-09T11:50:56+00:00
ETH-USD,ga,42,1,0.655623,0.132812,0.451327,0.205231,0.594050,1149,1147,16.8842,9.8518,2026-10-09T11:54:48+00:00
ETH-USD,ga,42,2,0.328684,0.274586,0.918567,0.422789,0.610040,2385,1147,13.4591,26.7655,2026-10-09T11:54:48+00:00
ETH-USD,ga,42,3,0.199651,0.199651,1.000000,0.332849,0.599799,3621,1147,17.6194,19.9651,2026-10-09T11:54:48+00:00
ETH-USD,ga,43,1,0.127289,0.094891,0.920354,0.172043,0.608095,1149,1147,16.8842,9.8518,2026-10-09T11:59:14+00:00
ETH-USD,ga,43,2,0.267655,0.267655,1.000000,0.422283,0.620996,2385,1147,13.4591,26.7655,2026-10-09T11:59:14+00:00
ETH-USD,ga,43,3,0.199651,0.199651,1.000000,0.332849,0.581730,3621,1147,17.6194,19.9651,2026-10-09T11:59:14+00:00
ETH-USD,ga,44,1,0.523976,0.136134,0.716814,0.228814,0.661646,1149,1147,16.8842,9.8518,2026-10-09T12:06:12+00:00
ETH-USD,ga,44,2,0.730602,0.428571,0.019544,0.037383,0.623185,2385,1147,13.4591,26.7655,2026-10-09T12:06:12+00:00
ETH-USD,ga,44,3,0.199651,0.199651,1.000000,0.332849,0.574336,3621,1147,17.6194,19.9651,2026-10-09T12:06:12+00:00
ETH-USD,grid,42,1,0.456376,0.134722,0.795082,0.230404,0.625111,1194,1192,16.6667,10.2349,2026-10-09T12:08:29+00:00
ETH-USD,grid,42,2,0.599832,0.322511,0.476038,0.384516,0.611561,2430,1192,13.4156,26.2584,2026-10-09T12:08:29+00:00
ETH-USD,grid,42,3,0.199664,0.199664,1.000000,0.332867,0.552424,3666,1192,17.5396,19.9664,2026-10-09T12:08:29+00:00
ETH-USD,grid,43,1,0.421980,0.118439,0.721311,0.203468,0.534702,1194,1192,16.6667,10.2349,2026-10-09T12:10:18+00:00
ETH-USD,grid,43,2,0.677852,0.323383,0.207668,0.252918,0.617856,2430,1192,13.4156,26.2584,2026-10-09T12:10:18+00:00
ETH-USD,grid,43,3,0.199664,0.199664,1.000000,0.332867,0.607585,3666,1192,17.5396,19.9664,2026-10-09T12:10:18+00:00
ETH-USD,grid,44,1,0.190436,0.108635,0.959016,0.195163,0.627685,1194,1192,16.6667,10.2349,2026-10-09T12:11:58+00:00
ETH-USD,grid,44,2,0.572987,0.337748,0.651757,0.444929,0.621080,2430,1192,13.4156,26.2584,2026-10-09T12:11:58+00:00
ETH-USD,grid,44,3,0.199664,0.199664,1.000000,0.332867,0.553519,3666,1192,17.5396,19.9664,2026-10-09T12:11:58+00:00
ETH-USD,manual,42,1,0.662702,0.150376,0.508475,0.232108,0.641203,1179,1177,16.8787,10.0255,2026-10-09T12:16:24+00:00
ETH-USD,manual,42,2,0.345794,0.274951,0.906452,0.421922,0.627310,2415,1177,13.4990,26.3381,2026-10-09T12:16:24+00:00
ETH-USD,manual,42,3,0.202209,0.202209,1.000000,0.336396,0.569140,3651,1177,17.6116,20.2209,2026-10-09T12:16:24+00:00
ETH-USD,manual,43,1,0.486831,0.136228,0.771186,0.231552,0.596797,1179,1177,16.8787,10.0255,2026-10-09T12:21:12+00:00
ETH-USD,manual,43,2,0.717927,0.333333,0.070968,0.117021,0.621453,2415,1177,13.4990,26.3381,2026-10-09T12:21:12+00:00
ETH-USD,manual,43,3,0.202209,0.202209,1.000000,0.336396,0.541104,3651,1177,17.6116,20.2209,2026-10-09T12:21:12+00:00
ETH-USD,manual,44,1,0.895497,0.142857,0.008475,0.016000,0.613515,1179,1177,16.8787,10.0255,2026-10-09T12:25:03+00:00
ETH-USD,manual,44,2,0.724724,0.266667,0.025806,0.047059,0.618670,2415,1177,13.4990,26.3381,2026-10-09T12:25:03+00:00
ETH-USD,manual,44,3,0.797791,0.000000,0.000000,0.000000,0.578780,3651,1177,17.6116,20.2209,2026-10-09T12:25:03+00:00
SOL-USD,ga,42,1,0.848702,0.428571,0.017857,0.034286,0.594278,1119,1117,16.9794,15.0403,2026-10-09T12:29:11+00:00
SOL-USD,ga,42,2,0.637422,0.356589,0.125000,0.185111,0.560135,2355,1117,16.2633,32.9454,2026-10-09T12:29:11+00:00
SOL-USD,ga,42,3,0.246195,0.246195,1.000000,0.395115,0.594228,3591,1117,21.6374,24.6195,2026-10-09T12:29:11+00:00
SOL-USD,ga,43,1,0.451209,0.193103,0.833333,0.313550,0.606434,1119,1117,16.9794,15.0403,2026-10-09T12:33:00+00:00
SOL-USD,ga,43,2,0.602507,0.330357,0.201087,0.250000,0.551144,2355,1117,16.2633,32.9454,2026-10-09T12:33:00+00:00
SOL-USD,ga,43,3,0.246195,0.246195,1.000000,0.395115,0.523246,3591,1117,21.6374,24.6195,2026-10-09T12:33:00+00:00
SOL-USD,ga,44,1,0.182632,0.151543,0.964286,0.261924,0.614350,1119,1117,16.9794,15.0403,2026-10-09T12:37:33+00:00
SOL-USD,ga,44,2,0.484333,0.364935,0.763587,0.493849,0.574531,2355,1117,16.2633,32.9454,2026-10-09T12:37:33+00:00
SOL-USD,ga,44,3,0.650850,0.274510,0.254545,0.264151,0.560190,3591,1117,21.6374,24.6195,2026-10-09T12:37:33+00:00
SOL-USD,grid,42,1,0.173679,0.153352,0.994048,0.265712,0.571300,1119,1117,16.9794,15.0403,2026-10-09T12:40:54+00:00
SOL-USD,grid,42,2,0.562220,0.381139,0.527174,0.442417,0.577654,2355,1117,16.2633,32.9454,2026-10-09T12:40:54+00:00
SOL-USD,grid,42,3,0.753805,0.000000,0.000000,0.000000,0.571976,3591,1117,21.6374,24.6195,2026-10-09T12:40:54+00:00
SOL-USD,grid,43,1,0.615040,0.206278,0.547619,0.299674,0.577613,1119,1117,16.9794,15.0403,2026-10-09T12:44:05+00:00
SOL-USD,grid,43,2,0.666070,0.222222,0.005435,0.010610,0.562315,2355,1117,16.2633,32.9454,2026-10-09T12:44:05+00:00
SOL-USD,grid,43,3,0.246195,0.246195,1.000000,0.395115,0.539380,3591,1117,21.6374,24.6195,2026-10-09T12:44:05+00:00
SOL-USD,grid,44,1,0.150403,0.150403,1.000000,0.261479,0.631517,1119,1117,16.9794,15.0403,2026-10-09T12:48:50+00:00
SOL-USD,grid,44,2,0.573859,0.380531,0.467391,0.419512,0.579309,2355,1117,16.2633,32.9454,2026-10-09T12:48:50+00:00
SOL-USD,grid,44,3,0.599821,0.300000,0.469091,0.365957,0.577003,3591,1117,21.6374,24.6195,2026-10-09T12:48:50+00:00
SOL-USD,manual,42,1,0.640612,0.170270,0.351955,0.229508,0.563081,1179,1177,16.7091,15.2082,2026-10-09T12:52:18+00:00
SOL-USD,manual,42,2,0.479184,0.370876,0.844560,0.515415,0.595064,2415,1177,16.1491,32.7952,2026-10-09T12:52:18+00:00
SOL-USD,manual,42,3,0.247239,0.247239,1.000000,0.396458,0.550051,3651,1177,21.4736,24.7239,2026-10-09T12:52:18+00:00
SOL-USD,manual,43,1,0.595582,0.169265,0.424581,0.242038,0.557288,1179,1177,16.7091,15.2082,2026-10-09T12:58:27+00:00
SOL-USD,manual,43,2,0.635514,0.397129,0.215026,0.278992,0.580954,2415,1177,16.1491,32.7952,2026-10-09T12:58:27+00:00
SOL-USD,manual,43,3,0.247239,0.247239,1.000000,0.396458,0.575342,3651,1177,21.4736,24.7239,2026-10-09T12:58:27+00:00
SOL-USD,manual,44,1,0.736619,0.203620,0.251397,0.225000,0.570090,1179,1177,16.7091,15.2082,2026-10-09T13:03:16+00:00
SOL-USD,manual,44,2,0.460493,0.360269,0.831606,0.502741,0.569555,2415,1177,16.1491,32.7952,2026-10-09T13:03:16+00:00
SOL-USD,manual,44,3,0.649108,0.237069,0.189003,0.210325,0.574203,3651,1177,21.4736,24.7239,2026-10-09T13:03:16+00:00
LINK-USD,ga,42,1,0.472245,0.268759,0.661074,0.382153,0.556205,1209,1207,19.7684,24.6893,2026-10-09T13:04:38+00:00
LINK-USD,ga,42,2,0.658658,0.402985,0.067669,0.115880,0.556878,2445,1207,22.1677,33.0572,2026-10-09T13:04:38+00:00
LINK-USD,ga,42,3,0.292461,0.292461,1.000000,0.452564,0.549419,3681,1207,25.7539,29.2461,2026-10-09T13:04:38+00:00
LINK-USD,ga,43,1,0.653687,0.282609,0.261745,0.271777,0.546386,1209,1207,19.7684,24.6893,2026-10-09T13:06:15+00:00
LINK-USD,ga,43,2,0.331400,0.329716,0.989975,0.494678,0.590133,2445,1207,22.1677,33.0572,2026-10-09T13:06:15+00:00
LINK-USD,ga,43,3,0.333057,0.299645,0.957507,0.456448,0.581153,3681,1207,25.7539,29.2461,2026-10-09T13:06:15+00:00
LINK-USD,ga,44,1,0.418393,0.271493,0.805369,0.406091,0.552226,1209,1207,19.7684,24.6893,2026-10-09T13:09:28+00:00
LINK-USD,ga,44,2,0.364540,0.331810,0.909774,0.486269,0.564229,2445,1207,22.1677,33.0572,2026-10-09T13:09:28+00:00
LINK-USD,ga,44,3,0.652030,0.334975,0.192635,0.244604,0.571677,3681,1207,25.7539,29.2461,2026-10-09T13:09:28+00:00
LINK-USD,grid,42,1,0.564146,0.252212,0.394464,0.307692,0.525157,1179,1177,19.8473,24.5540,2026-10-09T13:18:03+00:00
LINK-USD,grid,42,2,0.333050,0.333050,1.000000,0.499681,0.532622,2415,1177,22.2360,33.3050,2026-10-09T13:18:03+00:00
LINK-USD,grid,42,3,0.591334,0.361925,0.495702,0.418380,0.584008,3651,1177,25.8285,29.6517,2026-10-09T13:18:03+00:00
LINK-USD,grid,43,1,0.329652,0.255859,0.906574,0.399086,0.533573,1179,1177,19.8473,24.5540,2026-10-09T13:21:22+00:00
LINK-USD,grid,43,2,0.333050,0.333050,1.000000,0.499681,0.576032,2415,1177,22.2360,33.3050,2026-10-09T13:21:22+00:00
LINK-USD,grid,43,3,0.469839,0.335723,0.805158,0.473862,0.583344,3651,1177,25.8285,29.6517,2026-10-09T13:21:22+00:00
LINK-USD,grid,44,1,0.596432,0.248649,0.318339,0.279211,0.547936,1179,1177,19.8473,24.5540,2026-10-09T13:24:15+00:00
LINK-USD,grid,44,2,0.333050,0.333050,1.000000,0.499681,0.560721,2415,1177,22.2360,33.3050,2026-10-09T13:24:15+00:00
LINK-USD,grid,44,3,0.589635,0.372624,0.561605,0.448000,0.589401,3651,1177,25.8285,29.6517,2026-10-09T13:24:15+00:00
LINK-USD,manual,42,1,0.637213,0.281646,0.307958,0.294215,0.569715,1179,1177,19.8473,24.5540,2026-10-09T13:29:26+00:00
LINK-USD,manual,42,2,0.665251,0.475000,0.048469,0.087963,0.568679,2415,1177,22.2360,33.3050,2026-10-09T13:29:26+00:00
LINK-USD,manual,42,3,0.296517,0.296517,1.000000,0.457405,0.591341,3651,1177,25.8285,29.6517,2026-10-09T13:29:26+00:00
LINK-USD,manual,43,1,0.623619,0.265244,0.301038,0.282010,0.553029,1179,1177,19.8473,24.5540,2026-10-09T13:34:51+00:00
LINK-USD,manual,43,2,0.674596,0.536585,0.168367,0.256311,0.595525,2415,1177,22.2360,33.3050,2026-10-09T13:34:51+00:00
LINK-USD,manual,43,3,0.296517,0.296517,1.000000,0.457405,0.601366,3651,1177,25.8285,29.6517,2026-10-09T13:34:51+00:00
LINK-USD,manual,44,1,0.642311,0.240157,0.211073,0.224678,0.548996,1179,1177,19.8473,24.5540,2026-10-09T13:43:10+00:00
LINK-USD,manual,44,2,0.333050,0.333050,1.000000,0.499681,0.580872,2415,1177,22.2360,33.3050,2026-10-09T13:43:10+00:00
LINK-USD,manual,44,3,0.403568,0.317853,0.882521,0.467375,0.596570,3651,1177,25.8285,29.6517,2026-10-09T13:43:10+00:00
SHIB-USD,ga,42,1,0.769919,0.309353,0.210784,0.250729,0.578243,1119,1117,31.8141,18.2632,2026-10-09T14:06:09+00:00
SHIB-USD,ga,42,2,0.644584,0.000000,0.000000,0.000000,0.529754,2355,1117,24.5860,35.5416,2026-10-09T14:06:09+00:00
SHIB-USD,ga,42,3,0.305282,0.305282,1.000000,0.467764,0.566232,3591,1117,27.7639,30.5282,2026-10-09T14:06:09+00:00
SHIB-USD,ga,43,1,0.817368,0.000000,0.000000,0.000000,0.565519,1119,1117,31.8141,18.2632,2026-10-09T14:24:42+00:00
SHIB-USD,ga,43,2,0.624888,0.310345,0.045340,0.079121,0.543456,2355,1117,24.5860,35.5416,2026-10-09T14:24:42+00:00
SHIB-USD,ga,43,3,0.307968,0.304702,0.988270,0.465791,0.554785,3591,1117,27.7639,30.5282,2026-10-09T14:24:42+00:00
SHIB-USD,ga,44,1,0.817368,0.000000,0.000000,0.000000,0.553610,1119,1117,31.8141,18.2632,2026-10-09T14:40:01+00:00
SHIB-USD,ga,44,2,0.644584,0.000000,0.000000,0.000000,0.532315,2355,1117,24.5860,35.5416,2026-10-09T14:40:01+00:00
SHIB-USD,ga,44,3,0.694718,0.000000,0.000000,0.000000,0.549113,3591,1117,27.7639,30.5282,2026-10-09T14:40:01+00:00
SHIB-USD,grid,42,1,0.685641,0.245902,0.348837,0.288462,0.589426,1179,1177,30.7888,18.2668,2026-10-09T14:47:55+00:00
SHIB-USD,grid,42,2,0.652506,0.000000,0.000000,0.000000,0.562312,2415,1177,24.2650,34.7494,2026-10-09T14:47:55+00:00
SHIB-USD,grid,42,3,0.615973,0.385000,0.427778,0.405263,0.568630,3651,1177,27.4993,30.5862,2026-10-09T14:47:55+00:00
SHIB-USD,grid,43,1,0.803738,0.214286,0.027907,0.049383,0.550684,1179,1177,30.7888,18.2668,2026-10-09T14:54:56+00:00
SHIB-USD,grid,43,2,0.652506,0.000000,0.000000,0.000000,0.533991,2415,1177,24.2650,34.7494,2026-10-09T14:54:56+00:00
SHIB-USD,grid,43,3,0.305862,0.305862,1.000000,0.468445,0.579442,3651,1177,27.4993,30.5862,2026-10-09T14:54:56+00:00
SHIB-USD,grid,44,1,0.368734,0.195150,0.786047,0.312673,0.535633,1179,1177,30.7888,18.2668,2026-10-09T15:00:28+00:00
SHIB-USD,grid,44,2,0.652506,0.000000,0.000000,0.000000,0.508351,2415,1177,24.2650,34.7494,2026-10-09T15:00:28+00:00
SHIB-USD,grid,44,3,0.416313,0.322089,0.822222,0.462862,0.563501,3651,1177,27.4993,30.5862,2026-10-09T15:00:28+00:00
SHIB-USD,manual,42,1,0.632116,0.210106,0.367442,0.267343,0.550882,1179,1177,30.7888,18.2668,2026-10-09T15:06:57+00:00
SHIB-USD,manual,42,2,0.652506,0.000000,0.000000,0.000000,0.536108,2415,1177,24.2650,34.7494,2026-10-09T15:06:57+00:00
SHIB-USD,manual,42,3,0.325404,0.310646,0.988889,0.472776,0.564722,3651,1177,27.4993,30.5862,2026-10-09T15:06:57+00:00
SHIB-USD,manual,43,1,0.363636,0.200000,0.827907,0.322172,0.551574,1179,1177,30.7888,18.2668,2026-10-09T15:11:55+00:00
SHIB-USD,manual,43,2,0.652506,0.000000,0.000000,0.000000,0.523406,2415,1177,24.2650,34.7494,2026-10-09T15:11:55+00:00
SHIB-USD,manual,43,3,0.305862,0.305862,1.000000,0.468445,0.567680,3651,1177,27.4993,30.5862,2026-10-09T15:11:55+00:00
SHIB-USD,manual,44,1,0.221750,0.185650,0.962791,0.311278,0.577498,1179,1177,30.7888,18.2668,2026-10-09T15:16:13+00:00
SHIB-USD,manual,44,2,0.652506,0.000000,0.000000,0.000000,0.548187,2415,1177,24.2650,34.7494,2026-10-09T15:16:13+00:00
SHIB-USD,manual,44,3,0.693288,0.473684,0.025000,0.047493,0.571202,3651,1177,27.4993,30.5862,2026-10-09T15:16:13+00:00
