ticker,method,seed,best_hp_json,val_auc_search,wf_auc,wf_f1,wf_precision,wf_recall,backtest_hit_rate,n_signals_issued,n_signals_hold,n_candles_backtest,n_evals,duration_min,search_duration_min,search_epochs,final_splits,timestamp
BTC-USD,manual,42,"{""sequence_length"": 60, ""lstm_units_1"": 128, ""lstm_units_2"": 64, ""dropout_rate"": 0.2, ""learning_rate"": 0.001, ""batch_size"": 32}",0.605245,0.625647,0.086905,0.165657,0.126289,0.126761,142,58,200,1,5.52,1.37,20,3,2026-10-06T05:33:15+00:00
ETH-USD,ga,42,"{""sequence_length"": 90, ""lstm_units_1"": 64, ""lstm_units_2"": 32, ""dropout_rate"": 0.4, ""learning_rate"": 0.005, ""batch_size"": 32}",0.664971,0.611108,0.311785,0.191318,0.948171,0.764228,123,77,200,49,78.76,69.64,20,3,2026-10-06T08:32:49+00:00
ETH-USD,manual,42,"{""sequence_length"": 60, ""lstm_units_1"": 128, ""lstm_units_2"": 64, ""dropout_rate"": 0.2, ""learning_rate"": 0.001, ""batch_size"": 32}",0.553525,0.602289,0.235536,0.300575,0.550122,0.222222,99,101,200,1,12.34,2.91,20,3,2026-10-06T08:45:09+00:00
SOL-USD,ga,42,"{""sequence_length"": 120, ""lstm_units_1"": 64, ""lstm_units_2"": 48, ""dropout_rate"": 0.2, ""learning_rate"": 0.01, ""batch_size"": 64}",0.580621,0.564363,0.136996,0.182065,0.336051,0.212121,99,101,200,45,115.68,108.03,20,3,2026-10-06T10:40:50+00:00
SOL-USD,manual,42,"{""sequence_length"": 60, ""lstm_units_1"": 128, ""lstm_units_2"": 64, ""dropout_rate"": 0.2, ""learning_rate"": 0.001, ""batch_size"": 32}",0.548573,0.569173,0.357095,0.246525,0.733706,0.212121,99,101,200,1,8.42,3.13,20,3,2026-10-06T10:49:15+00:00
LINK-USD,ga,42,"{""sequence_length"": 30, ""lstm_units_1"": 32, ""lstm_units_2"": 32, ""dropout_rate"": 0.1, ""learning_rate"": 0.0005, ""batch_size"": 64}",0.581005,0.574564,0.353336,0.364208,0.381733,0.214286,56,144,200,47,51.65,50.12,20,3,2026-10-06T11:40:55+00:00
LINK-USD,manual,42,"{""sequence_length"": 60, ""lstm_units_1"": 128, ""lstm_units_2"": 64, ""dropout_rate"": 0.2, ""learning_rate"": 0.001, ""batch_size"": 32}",0.537946,0.569216,0.264981,0.202220,0.456747,0.307692,26,174,200,1,6.72,1.78,20,3,2026-10-06T11:47:38+00:00
SHIB-USD,ga,42,"{""sequence_length"": 120, ""lstm_units_1"": 128, ""lstm_units_2"": 64, ""dropout_rate"": 0.1, ""learning_rate"": 0.01, ""batch_size"": 32}",0.618349,0.553174,0.155921,0.101761,0.333333,,0,200,200,46,94.98,71.9,20,3,2026-10-06T13:22:36+00:00
SHIB-USD,manual,42,"{""sequence_length"": 60, ""lstm_units_1"": 128, ""lstm_units_2"": 64, ""dropout_rate"": 0.2, ""learning_rate"": 0.001, ""batch_size"": 32}",0.586041,0.543781,0.243201,0.169475,0.455814,0.300000,60,140,200,1,16.47,3.15,20,3,2026-10-06T13:39:05+00:00
BTC-USD,grid,42,"{""sequence_length"": 120, ""lstm_units_1"": 128, ""lstm_units_2"": 32, ""dropout_rate"": 0.3, ""learning_rate"": 0.001, ""batch_size"": 16}",0.658459,0.633967,0.158154,0.240213,0.567587,,0,200,200,50,75.5,65.01,20,3,2026-10-06T15:15:24+00:00
ETH-USD,grid,42,"{""sequence_length"": 45, ""lstm_units_1"": 32, ""lstm_units_2"": 32, ""dropout_rate"": 0.4, ""learning_rate"": 0.01, ""batch_size"": 64}",0.663951,0.619202,0.174943,0.156227,0.667732,0.222222,99,101,200,50,75.84,73.62,20,3,2026-10-06T16:31:14+00:00
SOL-USD,grid,42,"{""sequence_length"": 120, ""lstm_units_1"": 32, ""lstm_units_2"": 48, ""dropout_rate"": 0.2, ""learning_rate"": 0.01, ""batch_size"": 64}",0.591751,0.576984,0.352625,0.265114,0.719936,0.212121,99,101,200,50,80.13,75.72,20,3,2026-10-06T17:51:22+00:00
LINK-USD,grid,42,"{""sequence_length"": 60, ""lstm_units_1"": 96, ""lstm_units_2"": 16, ""dropout_rate"": 0.2, ""learning_rate"": 0.0005, ""batch_size"": 32}",0.582445,0.573392,0.402143,0.322306,0.616376,0.227273,22,178,200,50,94.38,89.17,20,3,2026-10-06T19:25:45+00:00
SHIB-USD,grid,42,"{""sequence_length"": 60, ""lstm_units_1"": 128, ""lstm_units_2"": 48, ""dropout_rate"": 0.4, ""learning_rate"": 0.001, ""batch_size"": 64}",0.615354,0.539152,0.269390,0.271758,0.497257,0.387097,31,169,200,50,115.34,106.79,20,3,2026-10-06T21:21:06+00:00
BTC-USD,ga,42,"{""sequence_length"": 90, ""lstm_units_1"": 64, ""lstm_units_2"": 16, ""dropout_rate"": 0.1, ""learning_rate"": 0.01, ""batch_size"": 32}",0.677047,0.625875,0.124422,0.069947,0.572770,0.181818,11,189,200,46,63.22,59.86,20,3,2026-10-07T03:35:51+00:00
BTC-USD,ga,42,"{""sequence_length"": 90, ""lstm_units_1"": 64, ""lstm_units_2"": 16, ""dropout_rate"": 0.1, ""learning_rate"": 0.01, ""batch_size"": 32}",0.677047,0.621061,0.138927,0.082383,0.453964,0.123188,138,62,200,46,63.22,59.86,20,3,2026-10-09T10:51:47+00:00
BTC-USD,ga,43,"{""sequence_length"": 90, ""lstm_units_1"": 64, ""lstm_units_2"": 16, ""dropout_rate"": 0.1, ""learning_rate"": 0.01, ""batch_size"": 32}",0.677047,0.639955,0.237425,0.213927,0.515258,0.126761,142,58,200,46,63.22,59.86,20,3,2026-10-09T10:54:54+00:00
BTC-USD,ga,44,"{""sequence_length"": 90, ""lstm_units_1"": 64, ""lstm_units_2"": 16, ""dropout_rate"": 0.1, ""learning_rate"": 0.01, ""batch_size"": 32}",0.677047,0.647745,0.146933,0.086619,0.511737,0.120000,100,100,200,46,63.22,59.86,20,3,2026-10-09T11:00:02+00:00
BTC-USD,grid,42,"{""sequence_length"": 120, ""lstm_units_1"": 128, ""lstm_units_2"": 32, ""dropout_rate"": 0.3, ""learning_rate"": 0.001, ""batch_size"": 16}",0.658459,0.659442,0.163167,0.208537,0.388889,0.151786,112,88,200,50,75.5,65.01,20,3,2026-10-09T11:07:14+00:00
BTC-USD,grid,43,"{""sequence_length"": 120, ""lstm_units_1"": 128, ""lstm_units_2"": 32, ""dropout_rate"": 0.3, ""learning_rate"": 0.001, ""batch_size"": 16}",0.658459,0.640152,0.199308,0.226436,0.589551,0.126761,142,58,200,50,75.5,65.01,20,3,2026-10-09T11:14:21+00:00
BTC-USD,grid,44,"{""sequence_length"": 120, ""lstm_units_1"": 128, ""lstm_units_2"": 32, ""dropout_rate"": 0.3, ""learning_rate"": 0.001, ""batch_size"": 16}",0.658459,0.643932,0.272478,0.199870,0.623143,0.130435,138,62,200,50,75.5,65.01,20,3,2026-10-09T11:30:28+00:00
BTC-USD,manual,42,"{""sequence_length"": 60, ""lstm_units_1"": 128, ""lstm_units_2"": 64, ""dropout_rate"": 0.2, ""learning_rate"": 0.001, ""batch_size"": 32}",0.605245,0.664560,0.127206,0.151540,0.669182,0.126761,142,58,200,1,5.52,1.37,20,3,2026-10-09T11:37:16+00:00
BTC-USD,manual,43,"{""sequence_length"": 60, ""lstm_units_1"": 128, ""lstm_units_2"": 64, ""dropout_rate"": 0.2, ""learning_rate"": 0.001, ""batch_size"": 32}",0.605245,0.627791,0.264521,0.200722,0.592872,0.126214,103,97,200,1,5.52,1.37,20,3,2026-10-09T11:47:12+00:00
BTC-USD,manual,44,"{""sequence_length"": 60, ""lstm_units_1"": 128, ""lstm_units_2"": 64, ""dropout_rate"": 0.2, ""learning_rate"": 0.001, ""batch_size"": 32}",0.605245,0.636520,0.165070,0.244146,0.677904,0.126761,142,58,200,1,5.52,1.37,20,3,2026-10-09T11:50:56+00:00
ETH-USD,ga,42,"{""sequence_length"": 90, ""lstm_units_1"": 64, ""lstm_units_2"": 32, ""dropout_rate"": 0.4, ""learning_rate"": 0.005, ""batch_size"": 32}",0.664971,0.601296,0.320290,0.202350,0.789965,0.222222,99,101,200,49,78.76,69.64,20,3,2026-10-09T11:54:48+00:00
ETH-USD,ga,43,"{""sequence_length"": 90, ""lstm_units_1"": 64, ""lstm_units_2"": 32, ""dropout_rate"": 0.4, ""learning_rate"": 0.005, ""batch_size"": 32}",0.664971,0.603607,0.309058,0.187399,0.973451,0.222222,99,101,200,49,78.76,69.64,20,3,2026-10-09T11:59:14+00:00
ETH-USD,ga,44,"{""sequence_length"": 90, ""lstm_units_1"": 64, ""lstm_units_2"": 32, ""dropout_rate"": 0.4, ""learning_rate"": 0.005, ""batch_size"": 32}",0.664971,0.619722,0.199682,0.254786,0.578786,0.285714,63,137,200,49,78.76,69.64,20,3,2026-10-09T12:06:12+00:00
ETH-USD,grid,42,"{""sequence_length"": 45, ""lstm_units_1"": 32, ""lstm_units_2"": 32, ""dropout_rate"": 0.4, ""learning_rate"": 0.01, ""batch_size"": 64}",0.663951,0.596365,0.315929,0.218966,0.757040,0.351852,54,146,200,50,75.84,73.62,20,3,2026-10-09T12:08:29+00:00
ETH-USD,grid,43,"{""sequence_length"": 45, ""lstm_units_1"": 32, ""lstm_units_2"": 32, ""dropout_rate"": 0.4, ""learning_rate"": 0.01, ""batch_size"": 64}",0.663951,0.586715,0.263085,0.213829,0.642993,0.214286,98,102,200,50,75.84,73.62,20,3,2026-10-09T12:10:18+00:00
ETH-USD,grid,44,"{""sequence_length"": 45, ""lstm_units_1"": 32, ""lstm_units_2"": 32, ""dropout_rate"": 0.4, ""learning_rate"": 0.01, ""batch_size"": 64}",0.663951,0.600761,0.324320,0.215349,0.870258,0.222222,99,101,200,50,75.84,73.62,20,3,2026-10-09T12:11:58+00:00
ETH-USD,manual,42,"{""sequence_length"": 60, ""lstm_units_1"": 128, ""lstm_units_2"": 64, ""dropout_rate"": 0.2, ""learning_rate"": 0.001, ""batch_size"": 32}",0.553525,0.612551,0.330142,0.209179,0.804975,0.222222,99,101,200,1,12.34,2.91,20,3,2026-10-09T12:16:24+00:00
ETH-USD,manual,43,"{""sequence_length"": 60, ""lstm_units_1"": 128, ""lstm_units_2"": 64, ""dropout_rate"": 0.2, ""learning_rate"": 0.001, ""batch_size"": 32}",0.553525,0.586452,0.228323,0.223923,0.614051,0.222222,99,101,200,1,12.34,2.91,20,3,2026-10-09T12:21:12+00:00
ETH-USD,manual,44,"{""sequence_length"": 60, ""lstm_units_1"": 128, ""lstm_units_2"": 64, ""dropout_rate"": 0.2, ""learning_rate"": 0.001, ""batch_size"": 32}",0.553525,0.603655,0.021020,0.136508,0.011427,0.222222,99,101,200,1,12.34,2.91,20,3,2026-10-09T12:25:03+00:00
SOL-USD,ga,42,"{""sequence_length"": 120, ""lstm_units_1"": 64, ""lstm_units_2"": 48, ""dropout_rate"": 0.2, ""learning_rate"": 0.01, ""batch_size"": 64}",0.580621,0.582880,0.204837,0.343785,0.380952,0.212121,99,101,200,45,115.68,108.03,20,3,2026-10-09T12:29:11+00:00
SOL-USD,ga,43,"{""sequence_length"": 120, ""lstm_units_1"": 64, ""lstm_units_2"": 48, ""dropout_rate"": 0.2, ""learning_rate"": 0.01, ""batch_size"": 64}",0.580621,0.560275,0.319555,0.256552,0.678140,0.212121,99,101,200,45,115.68,108.03,20,3,2026-10-09T12:33:00+00:00
SOL-USD,ga,44,"{""sequence_length"": 120, ""lstm_units_1"": 64, ""lstm_units_2"": 48, ""dropout_rate"": 0.2, ""learning_rate"": 0.01, ""batch_size"": 64}",0.580621,0.583023,0.339975,0.263663,0.660806,0.212121,99,101,200,45,115.68,108.03,20,3,2026-10-09T12:37:33+00:00
SOL-USD,grid,42,"{""sequence_length"": 120, ""lstm_units_1"": 32, ""lstm_units_2"": 48, ""dropout_rate"": 0.2, ""learning_rate"": 0.01, ""batch_size"": 64}",0.591751,0.573643,0.236043,0.178164,0.507074,0.212121,99,101,200,50,80.13,75.72,20,3,2026-10-09T12:40:54+00:00
SOL-USD,grid,43,"{""sequence_length"": 120, ""lstm_units_1"": 32, ""lstm_units_2"": 48, ""dropout_rate"": 0.2, ""learning_rate"": 0.01, ""batch_size"": 64}",0.591751,0.559769,0.235133,0.224898,0.517685,,0,200,200,50,80.13,75.72,20,3,2026-10-09T12:44:05+00:00
SOL-USD,grid,44,"{""sequence_length"": 120, ""lstm_units_1"": 32, ""lstm_units_2"": 48, ""dropout_rate"": 0.2, ""learning_rate"": 0.01, ""batch_size"": 64}",0.591751,0.595943,0.348983,0.276978,0.645494,0.464286,56,144,200,50,80.13,75.72,20,3,2026-10-09T12:48:50+00:00
SOL-USD,manual,42,"{""sequence_length"": 60, ""lstm_units_1"": 128, ""lstm_units_2"": 64, ""dropout_rate"": 0.2, ""learning_rate"": 0.001, ""batch_size"": 32}",0.548573,0.569399,0.380460,0.262795,0.732172,0.212121,99,101,200,1,8.42,3.13,20,3,2026-10-09T12:52:18+00:00
SOL-USD,manual,43,"{""sequence_length"": 60, ""lstm_units_1"": 128, ""lstm_units_2"": 64, ""dropout_rate"": 0.2, ""learning_rate"": 0.001, ""batch_size"": 32}",0.548573,0.571195,0.305829,0.271211,0.546536,0.212121,99,101,200,1,8.42,3.13,20,3,2026-10-09T12:58:27+00:00
SOL-USD,manual,44,"{""sequence_length"": 60, ""lstm_units_1"": 128, ""lstm_units_2"": 64, ""dropout_rate"": 0.2, ""learning_rate"": 0.001, ""batch_size"": 32}",0.548573,0.571283,0.312689,0.266986,0.424002,0.212121,99,101,200,1,8.42,3.13,20,3,2026-10-09T13:03:16+00:00
LINK-USD,ga,42,"{""sequence_length"": 30, ""lstm_units_1"": 32, ""lstm_units_2"": 32, ""dropout_rate"": 0.1, ""learning_rate"": 0.0005, ""batch_size"": 64}",0.581005,0.554167,0.316866,0.321401,0.576248,0.227273,66,134,200,47,51.65,50.12,20,3,2026-10-09T13:04:38+00:00
LINK-USD,ga,43,"{""sequence_length"": 30, ""lstm_units_1"": 32, ""lstm_units_2"": 32, ""dropout_rate"": 0.1, ""learning_rate"": 0.0005, ""batch_size"": 64}",0.581005,0.572557,0.407634,0.303990,0.736409,0.303030,33,167,200,47,51.65,50.12,20,3,2026-10-09T13:06:15+00:00
LINK-USD,ga,44,"{""sequence_length"": 30, ""lstm_units_1"": 32, ""lstm_units_2"": 32, ""dropout_rate"": 0.1, ""learning_rate"": 0.0005, ""batch_size"": 64}",0.581005,0.562711,0.378988,0.312759,0.635926,0.205882,102,98,200,47,51.65,50.12,20,3,2026-10-09T13:09:28+00:00
LINK-USD,grid,42,"{""sequence_length"": 60, ""lstm_units_1"": 96, ""lstm_units_2"": 16, ""dropout_rate"": 0.2, ""learning_rate"": 0.0005, ""batch_size"": 32}",0.582445,0.547262,0.408584,0.315729,0.630055,0.354839,31,169,200,50,94.38,89.17,20,3,2026-10-09T13:18:03+00:00
LINK-USD,grid,43,"{""sequence_length"": 60, ""lstm_units_1"": 96, ""lstm_units_2"": 16, ""dropout_rate"": 0.2, ""learning_rate"": 0.0005, ""batch_size"": 32}",0.582445,0.564316,0.457543,0.308211,0.903911,0.264706,68,132,200,50,94.38,89.17,20,3,2026-10-09T13:21:22+00:00
LINK-USD,grid,44,"{""sequence_length"": 60, ""lstm_units_1"": 96, ""lstm_units_2"": 16, ""dropout_rate"": 0.2, ""learning_rate"": 0.0005, ""batch_size"": 32}",0.582445,0.566020,0.408964,0.318107,0.626648,0.333333,15,185,200,50,94.38,89.17,20,3,2026-10-09T13:24:15+00:00
LINK-USD,manual,42,"{""sequence_length"": 60, ""lstm_units_1"": 128, ""lstm_units_2"": 64, ""dropout_rate"": 0.2, ""learning_rate"": 0.001, ""batch_size"": 32}",0.537946,0.576578,0.279861,0.351054,0.452143,,0,200,200,1,6.72,1.78,20,3,2026-10-09T13:29:26+00:00
LINK-USD,manual,43,"{""sequence_length"": 60, ""lstm_units_1"": 128, ""lstm_units_2"": 64, ""dropout_rate"": 0.2, ""learning_rate"": 0.001, ""batch_size"": 32}",0.537946,0.583307,0.331908,0.366115,0.489802,0.500000,6,194,200,1,6.72,1.78,20,3,2026-10-09T13:34:51+00:00
LINK-USD,manual,44,"{""sequence_length"": 60, ""lstm_units_1"": 128, ""lstm_units_2"": 64, ""dropout_rate"": 0.2, ""learning_rate"": 0.001, ""batch_size"": 32}",0.537946,0.575479,0.397245,0.297020,0.697865,0.295455,44,156,200,1,6.72,1.78,20,3,2026-10-09T13:43:10+00:00
SHIB-USD,ga,42,"{""sequence_length"": 120, ""lstm_units_1"": 128, ""lstm_units_2"": 64, ""dropout_rate"": 0.1, ""learning_rate"": 0.01, ""batch_size"": 32}",0.618349,0.558077,0.239498,0.204878,0.403595,,0,200,200,46,94.98,71.9,20,3,2026-10-09T14:06:09+00:00
SHIB-USD,ga,43,"{""sequence_length"": 120, ""lstm_units_1"": 128, ""lstm_units_2"": 64, ""dropout_rate"": 0.1, ""learning_rate"": 0.01, ""batch_size"": 32}",0.618349,0.554587,0.181637,0.205015,0.344537,,0,200,200,46,94.98,71.9,20,3,2026-10-09T14:24:42+00:00
SHIB-USD,ga,44,"{""sequence_length"": 120, ""lstm_units_1"": 128, ""lstm_units_2"": 64, ""dropout_rate"": 0.1, ""learning_rate"": 0.01, ""batch_size"": 32}",0.618349,0.545013,0.000000,0.000000,0.000000,,0,200,200,46,94.98,71.9,20,3,2026-10-09T14:40:01+00:00
SHIB-USD,grid,42,"{""sequence_length"": 60, ""lstm_units_1"": 128, ""lstm_units_2"": 48, ""dropout_rate"": 0.4, ""learning_rate"": 0.001, ""batch_size"": 64}",0.615354,0.573456,0.231242,0.210301,0.258872,,0,200,200,50,115.34,106.79,20,3,2026-10-09T14:47:55+00:00
SHIB-USD,grid,43,"{""sequence_length"": 60, ""lstm_units_1"": 128, ""lstm_units_2"": 48, ""dropout_rate"": 0.4, ""learning_rate"": 0.001, ""batch_size"": 64}",0.615354,0.554706,0.172609,0.173383,0.342636,0.375000,56,144,200,50,115.34,106.79,20,3,2026-10-09T14:54:56+00:00
SHIB-USD,grid,44,"{""sequence_length"": 60, ""lstm_units_1"": 128, ""lstm_units_2"": 48, ""dropout_rate"": 0.4, ""learning_rate"": 0.001, ""batch_size"": 64}",0.615354,0.535828,0.258512,0.172413,0.536090,0.454545,44,156,200,50,115.34,106.79,20,3,2026-10-09T15:00:28+00:00
SHIB-USD,manual,42,"{""sequence_length"": 60, ""lstm_units_1"": 128, ""lstm_units_2"": 64, ""dropout_rate"": 0.2, ""learning_rate"": 0.001, ""batch_size"": 32}",0.586041,0.550571,0.246706,0.173584,0.452110,0.310345,58,142,200,1,16.47,3.15,20,3,2026-10-09T15:06:57+00:00
SHIB-USD,manual,43,"{""sequence_length"": 60, ""lstm_units_1"": 128, ""lstm_units_2"": 64, ""dropout_rate"": 0.2, ""learning_rate"": 0.001, ""batch_size"": 32}",0.586041,0.547553,0.263539,0.168621,0.609302,0.285714,63,137,200,1,16.47,3.15,20,3,2026-10-09T15:11:55+00:00
SHIB-USD,manual,44,"{""sequence_length"": 60, ""lstm_units_1"": 128, ""lstm_units_2"": 64, ""dropout_rate"": 0.2, ""learning_rate"": 0.001, ""batch_size"": 32}",0.586041,0.565629,0.119591,0.219778,0.329264,0.304348,23,177,200,1,16.47,3.15,20,3,2026-10-09T15:16:13+00:00
