eval,fitness,best_so_far,hp_json
1,0.521295,0.521295,"{""sequence_length"": 30, ""lstm_units_1"": 32, ""lstm_units_2"": 16, ""dropout_rate"": 0.1, ""learning_rate"": 0.01, ""batch_size"": 16}"
2,0.525483,0.525483,"{""sequence_length"": 30, ""lstm_units_1"": 32, ""lstm_units_2"": 32, ""dropout_rate"": 0.3, ""learning_rate"": 0.001, ""batch_size"": 32}"
3,0.541110,0.541110,"{""sequence_length"": 30, ""lstm_units_1"": 32, ""lstm_units_2"": 64, ""dropout_rate"": 0.1, ""learning_rate"": 0.0001, ""batch_size"": 64}"
4,0.530075,0.541110,"{""sequence_length"": 30, ""lstm_units_1"": 64, ""lstm_units_2"": 16, ""dropout_rate"": 0.4, ""learning_rate"": 0.001, ""batch_size"": 16}"
5,0.547130,0.547130,"{""sequence_length"": 30, ""lstm_units_1"": 64, ""lstm_units_2"": 48, ""dropout_rate"": 0.2, ""learning_rate"": 0.0001, ""batch_size"": 32}"
6,0.507647,0.547130,"{""sequence_length"": 30, ""lstm_units_1"": 96, ""lstm_units_2"": 16, ""dropout_rate"": 0.1, ""learning_rate"": 0.005, ""batch_size"": 64}"
7,0.522261,0.547130,"{""sequence_length"": 30, ""lstm_units_1"": 96, ""lstm_units_2"": 32, ""dropout_rate"": 0.3, ""learning_rate"": 0.0001, ""batch_size"": 16}"
8,0.509233,0.547130,"{""sequence_length"": 30, ""lstm_units_1"": 96, ""lstm_units_2"": 64, ""dropout_rate"": 0.2, ""learning_rate"": 0.005, ""batch_size"": 32}"
9,0.504848,0.547130,"{""sequence_length"": 30, ""lstm_units_1"": 128, ""lstm_units_2"": 16, ""dropout_rate"": 0.4, ""learning_rate"": 0.0005, ""batch_size"": 64}"
10,0.495509,0.547130,"{""sequence_length"": 30, ""lstm_units_1"": 128, ""lstm_units_2"": 48, ""dropout_rate"": 0.3, ""learning_rate"": 0.005, ""batch_size"": 16}"
11,0.546163,0.547130,"{""sequence_length"": 45, ""lstm_units_1"": 32, ""lstm_units_2"": 16, ""dropout_rate"": 0.1, ""learning_rate"": 0.0005, ""batch_size"": 32}"
12,0.545709,0.547130,"{""sequence_length"": 45, ""lstm_units_1"": 32, ""lstm_units_2"": 32, ""dropout_rate"": 0.4, ""learning_rate"": 0.01, ""batch_size"": 64}"
13,0.546331,0.547130,"{""sequence_length"": 45, ""lstm_units_1"": 32, ""lstm_units_2"": 64, ""dropout_rate"": 0.2, ""learning_rate"": 0.0005, ""batch_size"": 16}"
14,0.555466,0.555466,"{""sequence_length"": 45, ""lstm_units_1"": 64, ""lstm_units_2"": 32, ""dropout_rate"": 0.1, ""learning_rate"": 0.01, ""batch_size"": 32}"
15,0.562829,0.562829,"{""sequence_length"": 45, ""lstm_units_1"": 64, ""lstm_units_2"": 48, ""dropout_rate"": 0.3, ""learning_rate"": 0.001, ""batch_size"": 64}"
16,0.532284,0.562829,"{""sequence_length"": 45, ""lstm_units_1"": 96, ""lstm_units_2"": 16, ""dropout_rate"": 0.2, ""learning_rate"": 0.01, ""batch_size"": 16}"
17,0.551434,0.562829,"{""sequence_length"": 45, ""lstm_units_1"": 96, ""lstm_units_2"": 32, ""dropout_rate"": 0.4, ""learning_rate"": 0.001, ""batch_size"": 32}"
18,0.537835,0.562829,"{""sequence_length"": 45, ""lstm_units_1"": 96, ""lstm_units_2"": 64, ""dropout_rate"": 0.2, ""learning_rate"": 0.0001, ""batch_size"": 64}"
19,0.547860,0.562829,"{""sequence_length"": 45, ""lstm_units_1"": 128, ""lstm_units_2"": 32, ""dropout_rate"": 0.1, ""learning_rate"": 0.001, ""batch_size"": 16}"
20,0.572011,0.572011,"{""sequence_length"": 45, ""lstm_units_1"": 128, ""lstm_units_2"": 48, ""dropout_rate"": 0.3, ""learning_rate"": 0.0001, ""batch_size"": 32}"
21,0.525438,0.572011,"{""sequence_length"": 60, ""lstm_units_1"": 32, ""lstm_units_2"": 16, ""dropout_rate"": 0.2, ""learning_rate"": 0.005, ""batch_size"": 64}"
22,0.537237,0.572011,"{""sequence_length"": 60, ""lstm_units_1"": 32, ""lstm_units_2"": 32, ""dropout_rate"": 0.4, ""learning_rate"": 0.0001, ""batch_size"": 16}"
23,0.539277,0.572011,"{""sequence_length"": 60, ""lstm_units_1"": 32, ""lstm_units_2"": 64, ""dropout_rate"": 0.3, ""learning_rate"": 0.005, ""batch_size"": 32}"
24,0.531925,0.572011,"{""sequence_length"": 60, ""lstm_units_1"": 64, ""lstm_units_2"": 32, ""dropout_rate"": 0.1, ""learning_rate"": 0.0005, ""batch_size"": 64}"
25,0.569905,0.572011,"{""sequence_length"": 60, ""lstm_units_1"": 64, ""lstm_units_2"": 48, ""dropout_rate"": 0.4, ""learning_rate"": 0.005, ""batch_size"": 16}"
26,0.534320,0.572011,"{""sequence_length"": 60, ""lstm_units_1"": 96, ""lstm_units_2"": 16, ""dropout_rate"": 0.2, ""learning_rate"": 0.0005, ""batch_size"": 32}"
27,0.566844,0.572011,"{""sequence_length"": 60, ""lstm_units_1"": 96, ""lstm_units_2"": 48, ""dropout_rate"": 0.1, ""learning_rate"": 0.01, ""batch_size"": 64}"
28,0.525294,0.572011,"{""sequence_length"": 60, ""lstm_units_1"": 96, ""lstm_units_2"": 64, ""dropout_rate"": 0.3, ""learning_rate"": 0.0005, ""batch_size"": 16}"
29,0.525992,0.572011,"{""sequence_length"": 60, ""lstm_units_1"": 128, ""lstm_units_2"": 32, ""dropout_rate"": 0.2, ""learning_rate"": 0.01, ""batch_size"": 32}"
30,0.562991,0.572011,"{""sequence_length"": 60, ""lstm_units_1"": 128, ""lstm_units_2"": 48, ""dropout_rate"": 0.4, ""learning_rate"": 0.001, ""batch_size"": 64}"
31,0.527037,0.572011,"{""sequence_length"": 90, ""lstm_units_1"": 32, ""lstm_units_2"": 16, ""dropout_rate"": 0.3, ""learning_rate"": 0.01, ""batch_size"": 16}"
32,0.560652,0.572011,"{""sequence_length"": 90, ""lstm_units_1"": 32, ""lstm_units_2"": 48, ""dropout_rate"": 0.1, ""learning_rate"": 0.001, ""batch_size"": 32}"
33,0.550700,0.572011,"{""sequence_length"": 90, ""lstm_units_1"": 32, ""lstm_units_2"": 64, ""dropout_rate"": 0.3, ""learning_rate"": 0.0001, ""batch_size"": 64}"
34,0.549423,0.572011,"{""sequence_length"": 90, ""lstm_units_1"": 64, ""lstm_units_2"": 32, ""dropout_rate"": 0.2, ""learning_rate"": 0.001, ""batch_size"": 16}"
35,0.526928,0.572011,"{""sequence_length"": 90, ""lstm_units_1"": 64, ""lstm_units_2"": 48, ""dropout_rate"": 0.4, ""learning_rate"": 0.0001, ""batch_size"": 32}"
36,0.554797,0.572011,"{""sequence_length"": 90, ""lstm_units_1"": 96, ""lstm_units_2"": 16, ""dropout_rate"": 0.3, ""learning_rate"": 0.005, ""batch_size"": 64}"
37,0.555074,0.572011,"{""sequence_length"": 90, ""lstm_units_1"": 96, ""lstm_units_2"": 48, ""dropout_rate"": 0.1, ""learning_rate"": 0.0001, ""batch_size"": 16}"
38,0.523711,0.572011,"{""sequence_length"": 90, ""lstm_units_1"": 96, ""lstm_units_2"": 64, ""dropout_rate"": 0.4, ""learning_rate"": 0.005, ""batch_size"": 32}"
39,0.539868,0.572011,"{""sequence_length"": 90, ""lstm_units_1"": 128, ""lstm_units_2"": 32, ""dropout_rate"": 0.2, ""learning_rate"": 0.0005, ""batch_size"": 64}"
40,0.504223,0.572011,"{""sequence_length"": 90, ""lstm_units_1"": 128, ""lstm_units_2"": 64, ""dropout_rate"": 0.1, ""learning_rate"": 0.005, ""batch_size"": 16}"
41,0.523149,0.572011,"{""sequence_length"": 120, ""lstm_units_1"": 32, ""lstm_units_2"": 16, ""dropout_rate"": 0.3, ""learning_rate"": 0.0005, ""batch_size"": 32}"
42,0.514263,0.572011,"{""sequence_length"": 120, ""lstm_units_1"": 32, ""lstm_units_2"": 48, ""dropout_rate"": 0.2, ""learning_rate"": 0.01, ""batch_size"": 64}"
43,0.532663,0.572011,"{""sequence_length"": 120, ""lstm_units_1"": 32, ""lstm_units_2"": 64, ""dropout_rate"": 0.4, ""learning_rate"": 0.0005, ""batch_size"": 16}"
44,0.504757,0.572011,"{""sequence_length"": 120, ""lstm_units_1"": 64, ""lstm_units_2"": 32, ""dropout_rate"": 0.3, ""learning_rate"": 0.01, ""batch_size"": 32}"
45,0.565405,0.572011,"{""sequence_length"": 120, ""lstm_units_1"": 64, ""lstm_units_2"": 64, ""dropout_rate"": 0.1, ""learning_rate"": 0.001, ""batch_size"": 64}"
46,0.410631,0.572011,"{""sequence_length"": 120, ""lstm_units_1"": 96, ""lstm_units_2"": 16, ""dropout_rate"": 0.4, ""learning_rate"": 0.01, ""batch_size"": 16}"
47,0.566966,0.572011,"{""sequence_length"": 120, ""lstm_units_1"": 96, ""lstm_units_2"": 48, ""dropout_rate"": 0.2, ""learning_rate"": 0.001, ""batch_size"": 32}"
48,0.552937,0.572011,"{""sequence_length"": 120, ""lstm_units_1"": 96, ""lstm_units_2"": 64, ""dropout_rate"": 0.4, ""learning_rate"": 0.0001, ""batch_size"": 64}"
49,0.552743,0.572011,"{""sequence_length"": 120, ""lstm_units_1"": 128, ""lstm_units_2"": 32, ""dropout_rate"": 0.3, ""learning_rate"": 0.001, ""batch_size"": 16}"
50,0.556519,0.572011,"{""sequence_length"": 120, ""lstm_units_1"": 128, ""lstm_units_2"": 64, ""dropout_rate"": 0.1, ""learning_rate"": 0.0001, ""batch_size"": 32}"
