ticker,method,seed,best_hp_json,val_auc_search,wf_auc,wf_f1,wf_precision,wf_recall,backtest_hit_rate,n_signals_issued,n_signals_hold,n_candles_backtest,n_evals,duration_min,search_epochs,final_splits,timestamp
BTC-USD,ga,42,"{""sequence_length"": 30, ""lstm_units_1"": 96, ""lstm_units_2"": 48, ""dropout_rate"": 0.1, ""learning_rate"": 0.001, ""batch_size"": 64}",0.571612,0.601482,0.019481,,,,,,,8,2.32,2,2,2026-07-29T14:36:13+00:00
BTC-USD,grid,42,"{""sequence_length"": 30, ""lstm_units_1"": 32, ""lstm_units_2"": 16, ""dropout_rate"": 0.1, ""learning_rate"": 0.01, ""batch_size"": 16}",0.568140,0.586509,0.217974,,,0.100000,,,,4,1.87,2,2,2026-07-29T14:38:05+00:00
BTC-USD,manual,42,"{""sequence_length"": 60, ""lstm_units_1"": 128, ""lstm_units_2"": 64, ""dropout_rate"": 0.2, ""learning_rate"": 0.001, ""batch_size"": 32}",0.488778,0.602884,0.247200,,,,,,,1,1.43,2,2,2026-07-29T14:39:31+00:00
BTC-USD,ga,42,"{""sequence_length"": 30, ""lstm_units_1"": 128, ""lstm_units_2"": 48, ""dropout_rate"": 0.2, ""learning_rate"": 0.001, ""batch_size"": 64}",0.583266,0.580135,0.024390,,,,,,,9,1.88,2,2,2026-07-29T15:19:26+00:00
BTC-USD,grid,42,"{""sequence_length"": 60, ""lstm_units_1"": 96, ""lstm_units_2"": 16, ""dropout_rate"": 0.1, ""learning_rate"": 0.01, ""batch_size"": 16}",0.523754,0.588514,0.202639,,,0.851852,,,,4,1.43,2,2,2026-07-29T15:20:52+00:00
BTC-USD,manual,42,"{""sequence_length"": 60, ""lstm_units_1"": 128, ""lstm_units_2"": 64, ""dropout_rate"": 0.2, ""learning_rate"": 0.001, ""batch_size"": 32}",0.548797,0.602828,0.251880,,,,,,,1,1.06,2,2,2026-07-29T15:21:56+00:00
BTC-USD,ga,42,"{""sequence_length"": 60, ""lstm_units_1"": 64, ""lstm_units_2"": 48, ""dropout_rate"": 0.4, ""learning_rate"": 0.001, ""batch_size"": 32}",0.629693,0.620064,0.189646,,,0.789474,,,,46,87.85,20,3,2026-07-30T08:41:51+00:00
BTC-USD,grid,42,"{""sequence_length"": 120, ""lstm_units_1"": 64, ""lstm_units_2"": 48, ""dropout_rate"": 0.2, ""learning_rate"": 0.0005, ""batch_size"": 16}",0.652635,0.604728,0.238055,,,0.869048,,,,50,112.6,20,3,2026-07-30T10:34:27+00:00
BTC-USD,manual,42,"{""sequence_length"": 60, ""lstm_units_1"": 128, ""lstm_units_2"": 64, ""dropout_rate"": 0.2, ""learning_rate"": 0.001, ""batch_size"": 32}",0.610176,0.622176,0.291937,,,0.787879,,,,1,6.23,20,3,2026-07-30T10:40:41+00:00
ETH-USD,ga,42,"{""sequence_length"": 120, ""lstm_units_1"": 32, ""lstm_units_2"": 16, ""dropout_rate"": 0.1, ""learning_rate"": 0.005, ""batch_size"": 64}",0.668362,0.587893,0.133217,,,0.666667,,,,48,56.6,20,3,2026-07-30T11:37:24+00:00
ETH-USD,grid,42,"{""sequence_length"": 45, ""lstm_units_1"": 32, ""lstm_units_2"": 32, ""dropout_rate"": 0.3, ""learning_rate"": 0.001, ""batch_size"": 16}",0.642096,0.555742,0.317217,,,,,,,50,89.18,20,3,2026-07-30T13:06:35+00:00
ETH-USD,manual,42,"{""sequence_length"": 60, ""lstm_units_1"": 128, ""lstm_units_2"": 64, ""dropout_rate"": 0.2, ""learning_rate"": 0.001, ""batch_size"": 32}",0.594223,0.582253,0.170183,,,0.820225,,,,1,6.96,20,3,2026-07-30T13:13:33+00:00
SOL-USD,ga,42,"{""sequence_length"": 120, ""lstm_units_1"": 64, ""lstm_units_2"": 48, ""dropout_rate"": 0.2, ""learning_rate"": 0.01, ""batch_size"": 32}",0.626280,0.545839,0.199537,,,,,,,49,39.31,20,3,2026-07-31T03:20:30+00:00
SOL-USD,grid,42,"{""sequence_length"": 120, ""lstm_units_1"": 96, ""lstm_units_2"": 32, ""dropout_rate"": 0.3, ""learning_rate"": 0.001, ""batch_size"": 16}",0.614905,0.561376,0.026803,,,,,,,50,62.29,20,3,2026-07-31T04:22:47+00:00
SOL-USD,manual,42,"{""sequence_length"": 60, ""lstm_units_1"": 128, ""lstm_units_2"": 64, ""dropout_rate"": 0.2, ""learning_rate"": 0.001, ""batch_size"": 32}",0.547078,0.577926,0.278258,,,0.811966,,,,1,4.51,20,3,2026-07-31T04:27:17+00:00
LINK-USD,ga,42,"{""sequence_length"": 120, ""lstm_units_1"": 96, ""lstm_units_2"": 48, ""dropout_rate"": 0.2, ""learning_rate"": 0.005, ""batch_size"": 32}",0.580808,0.577940,0.277364,,,0.586207,,,,48,53.75,20,3,2026-07-31T05:21:10+00:00
LINK-USD,grid,42,"{""sequence_length"": 120, ""lstm_units_1"": 32, ""lstm_units_2"": 16, ""dropout_rate"": 0.1, ""learning_rate"": 0.01, ""batch_size"": 16}",0.588579,0.579700,0.277069,,,0.450000,,,,50,73.93,20,3,2026-07-31T06:35:06+00:00
LINK-USD,manual,42,"{""sequence_length"": 60, ""lstm_units_1"": 128, ""lstm_units_2"": 64, ""dropout_rate"": 0.2, ""learning_rate"": 0.001, ""batch_size"": 32}",0.562372,0.570252,0.228089,,,,,,,1,4.39,20,3,2026-07-31T06:39:29+00:00
SHIB-USD,ga,42,"{""sequence_length"": 90, ""lstm_units_1"": 64, ""lstm_units_2"": 32, ""dropout_rate"": 0.2, ""learning_rate"": 0.005, ""batch_size"": 64}",0.651786,0.578046,0.331444,,,0.303191,,,,47,107.26,20,3,2026-07-31T08:26:51+00:00
SHIB-USD,grid,42,"{""sequence_length"": 60, ""lstm_units_1"": 128, ""lstm_units_2"": 16, ""dropout_rate"": 0.4, ""learning_rate"": 0.005, ""batch_size"": 16}",0.637764,0.589771,0.245788,,,,,,,50,192.95,20,3,2026-07-31T11:39:48+00:00
SHIB-USD,manual,42,"{""sequence_length"": 60, ""lstm_units_1"": 128, ""lstm_units_2"": 64, ""dropout_rate"": 0.2, ""learning_rate"": 0.001, ""batch_size"": 32}",0.539717,0.576131,0.268199,,,0.765957,,,,1,16.59,20,3,2026-07-31T11:56:24+00:00
BTC-USD,grid,42,"{""sequence_length"": 90, ""lstm_units_1"": 128, ""lstm_units_2"": 64, ""dropout_rate"": 0.1, ""learning_rate"": 0.005, ""batch_size"": 16}",0.651435,0.640685,0.249855,,,0.152778,144,56,200,50,63.25,20,3,2026-09-11T17:52:55+00:00
ETH-USD,grid,42,"{""sequence_length"": 60, ""lstm_units_1"": 128, ""lstm_units_2"": 48, ""dropout_rate"": 0.4, ""learning_rate"": 0.001, ""batch_size"": 64}",0.633624,0.579361,0.258527,,,,0,200,200,50,61.7,20,3,2026-09-11T18:54:44+00:00
SOL-USD,grid,42,"{""sequence_length"": 30, ""lstm_units_1"": 96, ""lstm_units_2"": 32, ""dropout_rate"": 0.3, ""learning_rate"": 0.0001, ""batch_size"": 16}",0.581626,0.551443,0.386827,,,,0,200,200,50,70.18,20,3,2026-09-11T20:05:01+00:00
LINK-USD,grid,42,"{""sequence_length"": 45, ""lstm_units_1"": 128, ""lstm_units_2"": 48, ""dropout_rate"": 0.3, ""learning_rate"": 0.0001, ""batch_size"": 32}",0.572011,0.537497,0.425411,,,,0,200,200,50,75.47,20,3,2026-09-11T21:20:36+00:00
SHIB-USD,grid,42,"{""sequence_length"": 120, ""lstm_units_1"": 128, ""lstm_units_2"": 64, ""dropout_rate"": 0.1, ""learning_rate"": 0.0001, ""batch_size"": 32}",0.612779,0.527837,0.213383,,,0.265060,83,117,200,50,99.82,20,3,2026-09-11T23:00:32+00:00
BTC-USD,manual,42,"{""sequence_length"": 60, ""lstm_units_1"": 128, ""lstm_units_2"": 64, ""dropout_rate"": 0.2, ""learning_rate"": 0.001, ""batch_size"": 32}",0.610176,0.653192,0.148311,0.105753,0.481883,0.151079,139,61,200,1,6.23,20,3,2026-09-12T04:28:34+00:00
BTC-USD,manual,42,"{""sequence_length"": 60, ""lstm_units_1"": 128, ""lstm_units_2"": 64, ""dropout_rate"": 0.2, ""learning_rate"": 0.001, ""batch_size"": 32}",0.610176,0.653192,0.148311,0.105753,0.481883,0.151079,139,61,200,1,6.23,20,3,2026-09-12T04:43:15+00:00
BTC-USD,manual,43,"{""sequence_length"": 60, ""lstm_units_1"": 128, ""lstm_units_2"": 64, ""dropout_rate"": 0.2, ""learning_rate"": 0.001, ""batch_size"": 32}",0.610176,0.642128,0.271552,0.169770,0.749004,0.147887,142,58,200,1,6.23,20,3,2026-09-12T04:46:38+00:00
BTC-USD,ga,42,"{""sequence_length"": 60, ""lstm_units_1"": 64, ""lstm_units_2"": 48, ""dropout_rate"": 0.4, ""learning_rate"": 0.001, ""batch_size"": 32}",0.629693,0.584461,0.126494,0.074732,0.412260,0.147887,142,58,200,46,87.85,20,3,2026-09-12T04:56:33+00:00
BTC-USD,ga,43,"{""sequence_length"": 60, ""lstm_units_1"": 64, ""lstm_units_2"": 48, ""dropout_rate"": 0.4, ""learning_rate"": 0.001, ""batch_size"": 32}",0.629693,0.581893,0.246368,0.149045,0.765452,0.140845,142,58,200,46,87.85,20,3,2026-09-12T04:58:46+00:00
BTC-USD,ga,44,"{""sequence_length"": 60, ""lstm_units_1"": 64, ""lstm_units_2"": 48, ""dropout_rate"": 0.4, ""learning_rate"": 0.001, ""batch_size"": 32}",0.629693,0.593022,0.253126,0.182162,0.681706,0.124031,129,71,200,46,87.85,20,3,2026-09-12T05:03:07+00:00
BTC-USD,grid,42,"{""sequence_length"": 90, ""lstm_units_1"": 128, ""lstm_units_2"": 64, ""dropout_rate"": 0.1, ""learning_rate"": 0.005, ""batch_size"": 16}",0.651435,0.601785,0.101380,0.087333,0.347418,0.190476,84,116,200,50,63.25,20,3,2026-09-12T05:13:31+00:00
BTC-USD,grid,43,"{""sequence_length"": 90, ""lstm_units_1"": 128, ""lstm_units_2"": 64, ""dropout_rate"": 0.1, ""learning_rate"": 0.005, ""batch_size"": 16}",0.651435,0.653593,0.289106,0.175918,0.868740,0.126761,142,58,200,50,63.25,20,3,2026-09-12T05:20:12+00:00
BTC-USD,grid,44,"{""sequence_length"": 90, ""lstm_units_1"": 128, ""lstm_units_2"": 64, ""dropout_rate"": 0.1, ""learning_rate"": 0.005, ""batch_size"": 16}",0.651435,0.637652,0.161255,0.232737,0.619878,0.127660,141,59,200,50,63.25,20,3,2026-09-12T05:29:01+00:00
BTC-USD,manual,42,"{""sequence_length"": 60, ""lstm_units_1"": 128, ""lstm_units_2"": 64, ""dropout_rate"": 0.2, ""learning_rate"": 0.001, ""batch_size"": 32}",0.610176,0.609363,0.152468,0.121409,0.377549,0.126761,142,58,200,1,6.23,20,3,2026-09-12T05:33:25+00:00
BTC-USD,manual,43,"{""sequence_length"": 60, ""lstm_units_1"": 128, ""lstm_units_2"": 64, ""dropout_rate"": 0.2, ""learning_rate"": 0.001, ""batch_size"": 32}",0.610176,0.611509,0.237874,0.183971,0.613630,0.060000,50,150,200,1,6.23,20,3,2026-09-12T05:37:07+00:00
BTC-USD,manual,44,"{""sequence_length"": 60, ""lstm_units_1"": 128, ""lstm_units_2"": 64, ""dropout_rate"": 0.2, ""learning_rate"": 0.001, ""batch_size"": 32}",0.610176,0.585672,0.043946,0.024479,0.214612,0.057851,121,79,200,1,6.23,20,3,2026-09-12T05:41:00+00:00
ETH-USD,ga,42,"{""sequence_length"": 120, ""lstm_units_1"": 32, ""lstm_units_2"": 16, ""dropout_rate"": 0.1, ""learning_rate"": 0.005, ""batch_size"": 64}",0.668362,0.604423,0.340721,0.216365,0.831715,,0,200,200,48,56.6,20,3,2026-09-12T05:43:31+00:00
ETH-USD,ga,43,"{""sequence_length"": 120, ""lstm_units_1"": 32, ""lstm_units_2"": 16, ""dropout_rate"": 0.1, ""learning_rate"": 0.005, ""batch_size"": 64}",0.668362,0.617035,0.272496,0.255958,0.652867,,0,200,200,48,56.6,20,3,2026-09-12T05:46:18+00:00
ETH-USD,ga,44,"{""sequence_length"": 120, ""lstm_units_1"": 32, ""lstm_units_2"": 16, ""dropout_rate"": 0.1, ""learning_rate"": 0.005, ""batch_size"": 64}",0.668362,0.617926,0.183517,0.108499,0.605178,0.000000,5,195,200,48,56.6,20,3,2026-09-12T05:48:30+00:00
ETH-USD,grid,42,"{""sequence_length"": 60, ""lstm_units_1"": 128, ""lstm_units_2"": 48, ""dropout_rate"": 0.4, ""learning_rate"": 0.001, ""batch_size"": 64}",0.633624,0.574369,0.216066,0.253832,0.616499,0.224490,98,102,200,50,61.7,20,3,2026-09-12T05:51:31+00:00
ETH-USD,grid,43,"{""sequence_length"": 60, ""lstm_units_1"": 128, ""lstm_units_2"": 48, ""dropout_rate"": 0.4, ""learning_rate"": 0.001, ""batch_size"": 64}",0.633624,0.599897,0.258383,0.227689,0.601786,0.224490,98,102,200,50,61.7,20,3,2026-09-12T05:54:55+00:00
ETH-USD,grid,44,"{""sequence_length"": 60, ""lstm_units_1"": 128, ""lstm_units_2"": 48, ""dropout_rate"": 0.4, ""learning_rate"": 0.001, ""batch_size"": 64}",0.633624,0.601639,0.221355,0.246770,0.565221,0.222222,99,101,200,50,61.7,20,3,2026-09-12T05:57:50+00:00
ETH-USD,manual,42,"{""sequence_length"": 60, ""lstm_units_1"": 128, ""lstm_units_2"": 64, ""dropout_rate"": 0.2, ""learning_rate"": 0.001, ""batch_size"": 32}",0.594223,0.558229,0.242866,0.230590,0.604884,0.226804,97,103,200,1,6.96,20,3,2026-09-12T06:00:57+00:00
ETH-USD,manual,43,"{""sequence_length"": 60, ""lstm_units_1"": 128, ""lstm_units_2"": 64, ""dropout_rate"": 0.2, ""learning_rate"": 0.001, ""batch_size"": 32}",0.594223,0.599026,0.220695,0.226817,0.615400,0.222222,99,101,200,1,6.96,20,3,2026-09-12T06:04:09+00:00
ETH-USD,manual,44,"{""sequence_length"": 60, ""lstm_units_1"": 128, ""lstm_units_2"": 64, ""dropout_rate"": 0.2, ""learning_rate"": 0.001, ""batch_size"": 32}",0.594223,0.613304,0.220529,0.319466,0.607690,0.222222,99,101,200,1,6.96,20,3,2026-09-12T06:08:06+00:00
SOL-USD,ga,42,"{""sequence_length"": 120, ""lstm_units_1"": 64, ""lstm_units_2"": 48, ""dropout_rate"": 0.2, ""learning_rate"": 0.01, ""batch_size"": 32}",0.626280,0.583987,0.190233,0.301673,0.194149,0.218750,96,104,200,49,39.31,20,3,2026-09-12T06:15:16+00:00
SOL-USD,ga,43,"{""sequence_length"": 120, ""lstm_units_1"": 64, ""lstm_units_2"": 48, ""dropout_rate"": 0.2, ""learning_rate"": 0.01, ""batch_size"": 32}",0.626280,0.548914,0.190718,0.215418,0.370572,0.218750,96,104,200,49,39.31,20,3,2026-09-12T06:19:28+00:00
SOL-USD,ga,44,"{""sequence_length"": 120, ""lstm_units_1"": 64, ""lstm_units_2"": 48, ""dropout_rate"": 0.2, ""learning_rate"": 0.01, ""batch_size"": 32}",0.626280,0.544938,0.347282,0.260451,0.583400,0.218391,87,113,200,49,39.31,20,3,2026-09-12T06:27:42+00:00
SOL-USD,grid,42,"{""sequence_length"": 30, ""lstm_units_1"": 96, ""lstm_units_2"": 32, ""dropout_rate"": 0.3, ""learning_rate"": 0.0001, ""batch_size"": 16}",0.581626,0.577949,0.283673,0.192419,0.576789,0.216495,97,103,200,50,70.18,20,3,2026-09-12T06:30:19+00:00
SOL-USD,grid,43,"{""sequence_length"": 30, ""lstm_units_1"": 96, ""lstm_units_2"": 32, ""dropout_rate"": 0.3, ""learning_rate"": 0.0001, ""batch_size"": 16}",0.581626,0.570875,0.253985,0.286539,0.284926,0.216495,97,103,200,50,70.18,20,3,2026-09-12T06:33:08+00:00
SOL-USD,grid,44,"{""sequence_length"": 30, ""lstm_units_1"": 96, ""lstm_units_2"": 32, ""dropout_rate"": 0.3, ""learning_rate"": 0.0001, ""batch_size"": 16}",0.581626,0.584144,0.165214,0.280474,0.150828,0.216495,97,103,200,50,70.18,20,3,2026-09-12T06:35:37+00:00
SOL-USD,manual,42,"{""sequence_length"": 60, ""lstm_units_1"": 128, ""lstm_units_2"": 64, ""dropout_rate"": 0.2, ""learning_rate"": 0.001, ""batch_size"": 32}",0.547078,0.578576,0.332957,0.264293,0.570600,0.216495,97,103,200,1,4.51,20,3,2026-09-12T06:40:06+00:00
SOL-USD,manual,43,"{""sequence_length"": 60, ""lstm_units_1"": 128, ""lstm_units_2"": 64, ""dropout_rate"": 0.2, ""learning_rate"": 0.001, ""batch_size"": 32}",0.547078,0.567219,0.237135,0.288320,0.459176,0.212121,99,101,200,1,4.51,20,3,2026-09-12T06:45:47+00:00
SOL-USD,manual,44,"{""sequence_length"": 60, ""lstm_units_1"": 128, ""lstm_units_2"": 64, ""dropout_rate"": 0.2, ""learning_rate"": 0.001, ""batch_size"": 32}",0.547078,0.575210,0.275410,0.200277,0.515311,0.212121,99,101,200,1,4.51,20,3,2026-09-12T06:55:21+00:00
LINK-USD,ga,42,"{""sequence_length"": 120, ""lstm_units_1"": 96, ""lstm_units_2"": 48, ""dropout_rate"": 0.2, ""learning_rate"": 0.005, ""batch_size"": 32}",0.580808,0.556814,0.401245,0.314313,0.628371,0.210526,95,105,200,48,53.75,20,3,2026-09-12T07:06:58+00:00
LINK-USD,ga,43,"{""sequence_length"": 120, ""lstm_units_1"": 96, ""lstm_units_2"": 48, ""dropout_rate"": 0.2, ""learning_rate"": 0.005, ""batch_size"": 32}",0.580808,0.547061,0.378801,0.330112,0.594728,,0,200,200,48,53.75,20,3,2026-09-12T07:16:36+00:00
LINK-USD,ga,44,"{""sequence_length"": 120, ""lstm_units_1"": 96, ""lstm_units_2"": 48, ""dropout_rate"": 0.2, ""learning_rate"": 0.005, ""batch_size"": 32}",0.580808,0.575644,0.328638,0.315431,0.557558,,0,200,200,48,53.75,20,3,2026-09-12T07:28:12+00:00
LINK-USD,grid,42,"{""sequence_length"": 45, ""lstm_units_1"": 128, ""lstm_units_2"": 48, ""dropout_rate"": 0.3, ""learning_rate"": 0.0001, ""batch_size"": 32}",0.572011,0.585504,0.453853,0.301174,0.920668,0.190909,110,90,200,50,75.47,20,3,2026-09-12T07:34:18+00:00
LINK-USD,grid,43,"{""sequence_length"": 45, ""lstm_units_1"": 128, ""lstm_units_2"": 48, ""dropout_rate"": 0.3, ""learning_rate"": 0.0001, ""batch_size"": 32}",0.572011,0.561676,0.447448,0.293296,0.945392,0.221053,95,105,200,50,75.47,20,3,2026-09-12T07:40:14+00:00
LINK-USD,grid,44,"{""sequence_length"": 45, ""lstm_units_1"": 128, ""lstm_units_2"": 48, ""dropout_rate"": 0.3, ""learning_rate"": 0.0001, ""batch_size"": 32}",0.572011,0.560321,0.250532,0.207315,0.316537,0.188976,127,73,200,50,75.47,20,3,2026-09-12T07:46:01+00:00
LINK-USD,manual,42,"{""sequence_length"": 60, ""lstm_units_1"": 128, ""lstm_units_2"": 64, ""dropout_rate"": 0.2, ""learning_rate"": 0.001, ""batch_size"": 32}",0.562372,0.582692,0.324660,0.220519,0.628499,,0,200,200,1,4.39,20,3,2026-09-12T07:49:51+00:00
LINK-USD,manual,43,"{""sequence_length"": 60, ""lstm_units_1"": 128, ""lstm_units_2"": 64, ""dropout_rate"": 0.2, ""learning_rate"": 0.001, ""batch_size"": 32}",0.562372,0.583087,0.302657,0.351428,0.315100,0.000000,5,195,200,1,4.39,20,3,2026-09-12T07:54:58+00:00
LINK-USD,manual,44,"{""sequence_length"": 60, ""lstm_units_1"": 128, ""lstm_units_2"": 64, ""dropout_rate"": 0.2, ""learning_rate"": 0.001, ""batch_size"": 32}",0.562372,0.584961,0.300031,0.376464,0.273533,0.203125,128,72,200,1,4.39,20,3,2026-09-12T08:00:26+00:00
SHIB-USD,ga,42,"{""sequence_length"": 90, ""lstm_units_1"": 64, ""lstm_units_2"": 32, ""dropout_rate"": 0.2, ""learning_rate"": 0.005, ""batch_size"": 64}",0.651786,0.521556,0.259241,0.163165,0.664729,0.460317,63,137,200,47,107.26,20,3,2026-09-12T08:04:21+00:00
SHIB-USD,ga,43,"{""sequence_length"": 90, ""lstm_units_1"": 64, ""lstm_units_2"": 32, ""dropout_rate"": 0.2, ""learning_rate"": 0.005, ""batch_size"": 64}",0.651786,0.520800,0.251846,0.163410,0.549114,0.315789,57,143,200,47,107.26,20,3,2026-09-12T08:07:22+00:00
SHIB-USD,ga,44,"{""sequence_length"": 90, ""lstm_units_1"": 64, ""lstm_units_2"": 32, ""dropout_rate"": 0.2, ""learning_rate"": 0.005, ""batch_size"": 64}",0.651786,0.542456,0.246685,0.171163,0.461830,0.264368,87,113,200,47,107.26,20,3,2026-09-12T08:10:37+00:00
SHIB-USD,grid,42,"{""sequence_length"": 120, ""lstm_units_1"": 128, ""lstm_units_2"": 64, ""dropout_rate"": 0.1, ""learning_rate"": 0.0001, ""batch_size"": 32}",0.612779,0.524332,0.264041,0.311276,0.477069,0.310345,58,142,200,50,99.82,20,3,2026-09-12T08:18:28+00:00
SHIB-USD,grid,43,"{""sequence_length"": 120, ""lstm_units_1"": 128, ""lstm_units_2"": 64, ""dropout_rate"": 0.1, ""learning_rate"": 0.0001, ""batch_size"": 32}",0.612779,0.521892,0.250372,0.162618,0.544808,0.327586,58,142,200,50,99.82,20,3,2026-09-12T08:27:33+00:00
SHIB-USD,grid,44,"{""sequence_length"": 120, ""lstm_units_1"": 128, ""lstm_units_2"": 64, ""dropout_rate"": 0.1, ""learning_rate"": 0.0001, ""batch_size"": 32}",0.612779,0.526415,0.252386,0.163059,0.589398,0.428571,7,193,200,50,99.82,20,3,2026-09-12T08:35:00+00:00
SHIB-USD,manual,42,"{""sequence_length"": 60, ""lstm_units_1"": 128, ""lstm_units_2"": 64, ""dropout_rate"": 0.2, ""learning_rate"": 0.001, ""batch_size"": 32}",0.539717,0.553146,0.241059,0.178239,0.428477,0.371429,35,165,200,1,16.59,20,3,2026-09-12T08:39:35+00:00
SHIB-USD,manual,43,"{""sequence_length"": 60, ""lstm_units_1"": 128, ""lstm_units_2"": 64, ""dropout_rate"": 0.2, ""learning_rate"": 0.001, ""batch_size"": 32}",0.539717,0.537367,0.237566,0.169167,0.416527,0.333333,51,149,200,1,16.59,20,3,2026-09-12T08:46:56+00:00
SHIB-USD,manual,44,"{""sequence_length"": 60, ""lstm_units_1"": 128, ""lstm_units_2"": 64, ""dropout_rate"": 0.2, ""learning_rate"": 0.001, ""batch_size"": 32}",0.539717,0.519485,0.165192,0.164874,0.352232,0.485714,35,165,200,1,16.59,20,3,2026-09-12T08:51:41+00:00
