ticker,method,seed,best_hp_json,val_auc_search,wf_auc,wf_f1,backtest_hit_rate,n_evals,duration_min,search_epochs,final_splits,timestamp
BTC-USD,ga,42,"{""sequence_length"": 30, ""lstm_units_1"": 96, ""lstm_units_2"": 48, ""dropout_rate"": 0.1, ""learning_rate"": 0.001, ""batch_size"": 64}",0.571612,0.601482,0.019481,,8,2.32,2,2,2026-07-29T14:36:13+00:00
BTC-USD,grid,42,"{""sequence_length"": 30, ""lstm_units_1"": 32, ""lstm_units_2"": 16, ""dropout_rate"": 0.1, ""learning_rate"": 0.01, ""batch_size"": 16}",0.568140,0.586509,0.217974,0.100000,4,1.87,2,2,2026-07-29T14:38:05+00:00
BTC-USD,manual,42,"{""sequence_length"": 60, ""lstm_units_1"": 128, ""lstm_units_2"": 64, ""dropout_rate"": 0.2, ""learning_rate"": 0.001, ""batch_size"": 32}",0.488778,0.602884,0.247200,,1,1.43,2,2,2026-07-29T14:39:31+00:00
BTC-USD,ga,42,"{""sequence_length"": 30, ""lstm_units_1"": 128, ""lstm_units_2"": 48, ""dropout_rate"": 0.2, ""learning_rate"": 0.001, ""batch_size"": 64}",0.583266,0.580135,0.024390,,9,1.88,2,2,2026-07-29T15:19:26+00:00
BTC-USD,grid,42,"{""sequence_length"": 60, ""lstm_units_1"": 96, ""lstm_units_2"": 16, ""dropout_rate"": 0.1, ""learning_rate"": 0.01, ""batch_size"": 16}",0.523754,0.588514,0.202639,0.851852,4,1.43,2,2,2026-07-29T15:20:52+00:00
BTC-USD,manual,42,"{""sequence_length"": 60, ""lstm_units_1"": 128, ""lstm_units_2"": 64, ""dropout_rate"": 0.2, ""learning_rate"": 0.001, ""batch_size"": 32}",0.548797,0.602828,0.251880,,1,1.06,2,2,2026-07-29T15:21:56+00:00
BTC-USD,ga,42,"{""sequence_length"": 60, ""lstm_units_1"": 64, ""lstm_units_2"": 48, ""dropout_rate"": 0.4, ""learning_rate"": 0.001, ""batch_size"": 32}",0.629693,0.620064,0.189646,0.789474,46,87.85,20,3,2026-07-30T08:41:51+00:00
BTC-USD,grid,42,"{""sequence_length"": 120, ""lstm_units_1"": 64, ""lstm_units_2"": 48, ""dropout_rate"": 0.2, ""learning_rate"": 0.0005, ""batch_size"": 16}",0.652635,0.604728,0.238055,0.869048,50,112.6,20,3,2026-07-30T10:34:27+00:00
BTC-USD,manual,42,"{""sequence_length"": 60, ""lstm_units_1"": 128, ""lstm_units_2"": 64, ""dropout_rate"": 0.2, ""learning_rate"": 0.001, ""batch_size"": 32}",0.610176,0.622176,0.291937,0.787879,1,6.23,20,3,2026-07-30T10:40:41+00:00
ETH-USD,ga,42,"{""sequence_length"": 120, ""lstm_units_1"": 32, ""lstm_units_2"": 16, ""dropout_rate"": 0.1, ""learning_rate"": 0.005, ""batch_size"": 64}",0.668362,0.587893,0.133217,0.666667,48,56.6,20,3,2026-07-30T11:37:24+00:00
ETH-USD,grid,42,"{""sequence_length"": 45, ""lstm_units_1"": 32, ""lstm_units_2"": 32, ""dropout_rate"": 0.3, ""learning_rate"": 0.001, ""batch_size"": 16}",0.642096,0.555742,0.317217,,50,89.18,20,3,2026-07-30T13:06:35+00:00
ETH-USD,manual,42,"{""sequence_length"": 60, ""lstm_units_1"": 128, ""lstm_units_2"": 64, ""dropout_rate"": 0.2, ""learning_rate"": 0.001, ""batch_size"": 32}",0.594223,0.582253,0.170183,0.820225,1,6.96,20,3,2026-07-30T13:13:33+00:00
SOL-USD,ga,42,"{""sequence_length"": 120, ""lstm_units_1"": 64, ""lstm_units_2"": 48, ""dropout_rate"": 0.2, ""learning_rate"": 0.01, ""batch_size"": 32}",0.626280,0.545839,0.199537,,49,39.31,20,3,2026-07-31T03:20:30+00:00
SOL-USD,grid,42,"{""sequence_length"": 120, ""lstm_units_1"": 96, ""lstm_units_2"": 32, ""dropout_rate"": 0.3, ""learning_rate"": 0.001, ""batch_size"": 16}",0.614905,0.561376,0.026803,,50,62.29,20,3,2026-07-31T04:22:47+00:00
SOL-USD,manual,42,"{""sequence_length"": 60, ""lstm_units_1"": 128, ""lstm_units_2"": 64, ""dropout_rate"": 0.2, ""learning_rate"": 0.001, ""batch_size"": 32}",0.547078,0.577926,0.278258,0.811966,1,4.51,20,3,2026-07-31T04:27:17+00:00
LINK-USD,ga,42,"{""sequence_length"": 120, ""lstm_units_1"": 96, ""lstm_units_2"": 48, ""dropout_rate"": 0.2, ""learning_rate"": 0.005, ""batch_size"": 32}",0.580808,0.577940,0.277364,0.586207,48,53.75,20,3,2026-07-31T05:21:10+00:00
LINK-USD,grid,42,"{""sequence_length"": 120, ""lstm_units_1"": 32, ""lstm_units_2"": 16, ""dropout_rate"": 0.1, ""learning_rate"": 0.01, ""batch_size"": 16}",0.588579,0.579700,0.277069,0.450000,50,73.93,20,3,2026-07-31T06:35:06+00:00
LINK-USD,manual,42,"{""sequence_length"": 60, ""lstm_units_1"": 128, ""lstm_units_2"": 64, ""dropout_rate"": 0.2, ""learning_rate"": 0.001, ""batch_size"": 32}",0.562372,0.570252,0.228089,,1,4.39,20,3,2026-07-31T06:39:29+00:00
SHIB-USD,ga,42,"{""sequence_length"": 90, ""lstm_units_1"": 64, ""lstm_units_2"": 32, ""dropout_rate"": 0.2, ""learning_rate"": 0.005, ""batch_size"": 64}",0.651786,0.578046,0.331444,0.303191,47,107.26,20,3,2026-07-31T08:26:51+00:00
SHIB-USD,grid,42,"{""sequence_length"": 60, ""lstm_units_1"": 128, ""lstm_units_2"": 16, ""dropout_rate"": 0.4, ""learning_rate"": 0.005, ""batch_size"": 16}",0.637764,0.589771,0.245788,,50,192.95,20,3,2026-07-31T11:39:48+00:00
SHIB-USD,manual,42,"{""sequence_length"": 60, ""lstm_units_1"": 128, ""lstm_units_2"": 64, ""dropout_rate"": 0.2, ""learning_rate"": 0.001, ""batch_size"": 32}",0.539717,0.576131,0.268199,0.765957,1,16.59,20,3,2026-07-31T11:56:24+00:00
